metric_name,timestamp,metric_value,check,error,error_code,expected_response,group,method,name,proto,scenario,service,status,subproto,tls_version,url,extra_tags
http_reqs,1664370363,1.000000,,,,true,,GET,http://127.0.0.1:8080/books/all,HTTP/1.1,default,,200,,,http://127.0.0.1:8080/books/all,
http_req_duration,1664370363,161.064700,,,,true,,GET,http://127.0.0.1:8080/books/all,HTTP/1.1,default,,200,,,http://127.0.0.1:8080/books/all,
http_req_blocked,1664370363,1.000800,,,,true,,GET,http://127.0.0.1:8080/books/all,HTTP/1.1,default,,200,,,http://127.0.0.1:8080/books/all,
http_req_connecting,1664370363,0.000000,,,,true,,GET,http://127.0.0.1:8080/books/all,HTTP/1.1,default,,200,,,http://127.0.0.1:8080/books/all,
http_req_tls_handshaking,1664370363,0.000000,,,,true,,GET,http://127.0.0.1:8080/books/all,HTTP/1.1,default,,200,,,http://127.0.0.1:8080/books/all,
http_req_sending,1664370363,1.000800,,,,true,,GET,http://127.0.0.1:8080/books/all,HTTP/1.1,default,,200,,,http://127.0.0.1:8080/books/all,
http_req_waiting,1664370363,159.050400,,,,true,,GET,http://127.0.0.1:8080/books/all,HTTP/1.1,default,,200,,,http://127.0.0.1:8080/books/all,
http_req_receiving,1664370363,1.013500,,,,true,,GET,http://127.0.0.1:8080/books/all,HTTP/1.1,default,,200,,,http://127.0.0.1:8080/books/all,
http_req_failed,1664370363,0.000000,,,,true,,GET,http://127.0.0.1:8080/books/all,HTTP/1.1,default,,200,,,http://127.0.0.1:8080/books/all,
checks,1664370363,1.000000,status was 200,,,,,,,,default,,,,,,
http_reqs,1664370363,1.000000,,,,true,,GET,http://127.0.0.1:8080/books/all,HTTP/1.1,default,,200,,,http://127.0.0.1:8080/books/all,
http_req_duration,1664370363,3.706200,,,,true,,GET,http://127.0.0.1:8080/books/all,HTTP/1.1,default,,200,,,http://127.0.0.1:8080/books/all,
http_req_blocked,1664370363,0.528300,,,,true,,GET,http://127.0.0.1:8080/books/all,HTTP/1.1,default,,200,,,http://127.0.0.1:8080/books/all,
http_req_connecting,1664370363,0.528300,,,,true,,GET,http://127.0.0.1:8080/books/all,HTTP/1.1,default,,200,,,http://127.0.0.1:8080/books/all,
http_req_tls_handshaking,1664370363,0.000000,,,,true,,GET,http://127.0.0.1:8080/books/all,HTTP/1.1,default,,200,,,http://127.0.0.1:8080/books/all,
http_req_sending,1664370363,0.000000,,,,true,,GET,http://127.0.0.1:8080/books/all,HTTP/1.1,default,,200,,,http://127.0.0.1:8080/books/all,
http_req_waiting,1664370363,3.073400,,,,true,,GET,http://127.0.0.1:8080/books/all,HTTP/1.1,default,,200,,,http://127.0.0.1:8080/books/all,
http_req_receiving,1664370363,0.632800,,,,true,,GET,http://127.0.0.1:8080/books/all,HTTP/1.1,default,,200,,,http://127.0.0.1:8080/books/all,
http_req_failed,1664370363,0.000000,,,,true,,GET,http://127.0.0.1:8080/books/all,HTTP/1.1,default,,200,,,http://127.0.0.1:8080/books/all,
checks,1664370363,1.000000,status was 200,,,,,,,,default,,,,,,
http_reqs,1664370363,1.000000,,,,true,,GET,http://127.0.0.1:8080/books/all,HTTP/1.1,default,,200,,,http://127.0.0.1:8080/books/all,
http_req_duration,1664370363,2.661100,,,,true,,GET,http://127.0.0.1:8080/books/all,HTTP/1.1,default,,200,,,http://127.0.0.1:8080/books/all,
http_req_blocked,1664370363,0.548500,,,,true,,GET,http://127.0.0.1:8080/books/all,HTTP/1.1,default,,200,,,http://127.0.0.1:8080/books/all,
http_req_connecting,1664370363,0.548500,,,,true,,GET,http://127.0.0.1:8080/books/all,HTTP/1.1,default,,200,,,http://127.0.0.1:8080/books/all,
http_req_tls_handshaking,1664370363,0.000000,,,,true,,GET,http://127.0.0.1:8080/books/all,HTTP/1.1,default,,200,,,http://127.0.0.1:8080/books/all,
http_req_sending,1664370363,0.056900,,,,true,,GET,http://127.0.0.1:8080/books/all,HTTP/1.1,default,,200,,,http://127.0.0.1:8080/books/all,
http_req_waiting,1664370363,2.069800,,,,true,,GET,http://127.0.0.1:8080/books/all,HTTP/1.1,default,,200,,,http://127.0.0.1:8080/books/all,
http_req_receiving,1664370363,0.534400,,,,true,,GET,http://127.0.0.1:8080/books/all,HTTP/1.1,default,,200,,,http://127.0.0.1:8080/books/all,
http_req_failed,1664370363,0.000000,,,,true,,GET,http://127.0.0.1:8080/books/all,HTTP/1.1,default,,200,,,http://127.0.0.1:8080/books/all,
checks,1664370363,1.000000,status was 200,,,,,,,,default,,,,,,
vus,1664370364,3.000000,,,,,,,,,,,,,,,
vus_max,1664370364,10.000000,,,,,,,,,,,,,,,
http_reqs,1664370364,1.000000,,,,true,,GET,http://127.0.0.1:8080/books/1,HTTP/1.1,default,,200,,,http://127.0.0.1:8080/books/1,
http_req_duration,1664370364,16.906400,,,,true,,GET,http://127.0.0.1:8080/books/1,HTTP/1.1,default,,200,,,http://127.0.0.1:8080/books/1,
http_req_blocked,1664370364,0.000000,,,,true,,GET,http://127.0.0.1:8080/books/1,HTTP/1.1,default,,200,,,http://127.0.0.1:8080/books/1,
http_req_connecting,1664370364,0.000000,,,,true,,GET,http://127.0.0.1:8080/books/1,HTTP/1.1,default,,200,,,http://127.0.0.1:8080/books/1,
http_req_tls_handshaking,1664370364,0.000000,,,,true,,GET,http://127.0.0.1:8080/books/1,HTTP/1.1,default,,200,,,http://127.0.0.1:8080/books/1,
http_req_sending,1664370364,0.000000,,,,true,,GET,http://127.0.0.1:8080/books/1,HTTP/1.1,default,,200,,,http://127.0.0.1:8080/books/1,
http_req_waiting,1664370364,16.059100,,,,true,,GET,http://127.0.0.1:8080/books/1,HTTP/1.1,default,,200,,,http://127.0.0.1:8080/books/1,
http_req_receiving,1664370364,0.847300,,,,true,,GET,http://127.0.0.1:8080/books/1,HTTP/1.1,default,,200,,,http://127.0.0.1:8080/books/1,
http_req_failed,1664370364,0.000000,,,,true,,GET,http://127.0.0.1:8080/books/1,HTTP/1.1,default,,200,,,http://127.0.0.1:8080/books/1,
checks,1664370364,1.000000,status was 200,,,,,,,,default,,,,,,
http_reqs,1664370364,1.000000,,,,true,,GET,http://127.0.0.1:8080/books/all,HTTP/1.1,default,,200,,,http://127.0.0.1:8080/books/all,
http_req_duration,1664370364,2.760700,,,,true,,GET,http://127.0.0.1:8080/books/all,HTTP/1.1,default,,200,,,http://127.0.0.1:8080/books/all,
http_req_blocked,1664370364,0.554800,,,,true,,GET,http://127.0.0.1:8080/books/all,HTTP/1.1,default,,200,,,http://127.0.0.1:8080/books/all,
http_req_connecting,1664370364,0.554800,,,,true,,GET,http://127.0.0.1:8080/books/all,HTTP/1.1,default,,200,,,http://127.0.0.1:8080/books/all,
http_req_tls_handshaking,1664370364,0.000000,,,,true,,GET,http://127.0.0.1:8080/books/all,HTTP/1.1,default,,200,,,http://127.0.0.1:8080/books/all,
http_req_sending,1664370364,0.000000,,,,true,,GET,http://127.0.0.1:8080/books/all,HTTP/1.1,default,,200,,,http://127.0.0.1:8080/books/all,
http_req_waiting,1664370364,2.228900,,,,true,,GET,http://127.0.0.1:8080/books/all,HTTP/1.1,default,,200,,,http://127.0.0.1:8080/books/all,
http_req_receiving,1664370364,0.531800,,,,true,,GET,http://127.0.0.1:8080/books/all,HTTP/1.1,default,,200,,,http://127.0.0.1:8080/books/all,
http_req_failed,1664370364,0.000000,,,,true,,GET,http://127.0.0.1:8080/books/all,HTTP/1.1,default,,200,,,http://127.0.0.1:8080/books/all,
checks,1664370364,1.000000,status was 200,,,,,,,,default,,,,,,
http_reqs,1664370364,1.000000,,,,true,,GET,http://127.0.0.1:8080/books/1,HTTP/1.1,default,,200,,,http://127.0.0.1:8080/books/1,
http_req_duration,1664370364,2.538500,,,,true,,GET,http://127.0.0.1:8080/books/1,HTTP/1.1,default,,200,,,http://127.0.0.1:8080/books/1,
http_req_blocked,1664370364,0.000000,,,,true,,GET,http://127.0.0.1:8080/books/1,HTTP/1.1,default,,200,,,http://127.0.0.1:8080/books/1,
http_req_connecting,1664370364,0.000000,,,,true,,GET,http://127.0.0.1:8080/books/1,HTTP/1.1,default,,200,,,http://127.0.0.1:8080/books/1,
http_req_tls_handshaking,1664370364,0.000000,,,,true,,GET,http://127.0.0.1:8080/books/1,HTTP/1.1,default,,200,,,http://127.0.0.1:8080/books/1,
http_req_sending,1664370364,0.000000,,,,true,,GET,http://127.0.0.1:8080/books/1,HTTP/1.1,default,,200,,,http://127.0.0.1:8080/books/1,
http_req_waiting,1664370364,1.519600,,,,true,,GET,http://127.0.0.1:8080/books/1,HTTP/1.1,default,,200,,,http://127.0.0.1:8080/books/1,
http_req_receiving,1664370364,1.018900,,,,true,,GET,http://127.0.0.1:8080/books/1,HTTP/1.1,default,,200,,,http://127.0.0.1:8080/books/1,
http_req_failed,1664370364,0.000000,,,,true,,GET,http://127.0.0.1:8080/books/1,HTTP/1.1,default,,200,,,http://127.0.0.1:8080/books/1,
checks,1664370364,1.000000,status was 200,,,,,,,,default,,,,,,
http_reqs,1664370364,1.000000,,,,true,,GET,http://127.0.0.1:8080/books/all,HTTP/1.1,default,,200,,,http://127.0.0.1:8080/books/all,
http_req_duration,1664370364,5.376900,,,,true,,GET,http://127.0.0.1:8080/books/all,HTTP/1.1,default,,200,,,http://127.0.0.1:8080/books/all,
http_req_blocked,1664370364,0.665200,,,,true,,GET,http://127.0.0.1:8080/books/all,HTTP/1.1,default,,200,,,http://127.0.0.1:8080/books/all,
http_req_connecting,1664370364,0.665200,,,,true,,GET,http://127.0.0.1:8080/books/all,HTTP/1.1,default,,200,,,http://127.0.0.1:8080/books/all,
http_req_tls_handshaking,1664370364,0.000000,,,,true,,GET,http://127.0.0.1:8080/books/all,HTTP/1.1,default,,200,,,http://127.0.0.1:8080/books/all,
http_req_sending,1664370364,0.000000,,,,true,,GET,http://127.0.0.1:8080/books/all,HTTP/1.1,default,,200,,,http://127.0.0.1:8080/books/all,
http_req_waiting,1664370364,5.161900,,,,true,,GET,http://127.0.0.1:8080/books/all,HTTP/1.1,default,,200,,,http://127.0.0.1:8080/books/all,
http_req_receiving,1664370364,0.215000,,,,true,,GET,http://127.0.0.1:8080/books/all,HTTP/1.1,default,,200,,,http://127.0.0.1:8080/books/all,
http_req_failed,1664370364,0.000000,,,,true,,GET,http://127.0.0.1:8080/books/all,HTTP/1.1,default,,200,,,http://127.0.0.1:8080/books/all,
checks,1664370364,1.000000,status was 200,,,,,,,,default,,,,,,
http_reqs,1664370364,1.000000,,,,true,,GET,http://127.0.0.1:8080/books/1,HTTP/1.1,default,,200,,,http://127.0.0.1:8080/books/1,
http_req_duration,1664370364,4.524200,,,,true,,GET,http://127.0.0.1:8080/books/1,HTTP/1.1,default,,200,,,http://127.0.0.1:8080/books/1,
http_req_blocked,1664370364,0.000000,,,,true,,GET,http://127.0.0.1:8080/books/1,HTTP/1.1,default,,200,,,http://127.0.0.1:8080/books/1,
http_req_connecting,1664370364,0.000000,,,,true,,GET,http://127.0.0.1:8080/books/1,HTTP/1.1,default,,200,,,http://127.0.0.1:8080/books/1,
http_req_tls_handshaking,1664370364,0.000000,,,,true,,GET,http://127.0.0.1:8080/books/1,HTTP/1.1,default,,200,,,http://127.0.0.1:8080/books/1,
http_req_sending,1664370364,0.000000,,,,true,,GET,http://127.0.0.1:8080/books/1,HTTP/1.1,default,,200,,,http://127.0.0.1:8080/books/1,
http_req_waiting,1664370364,3.531100,,,,true,,GET,http://127.0.0.1:8080/books/1,HTTP/1.1,default,,200,,,http://127.0.0.1:8080/books/1,
http_req_receiving,1664370364,0.993100,,,,true,,GET,http://127.0.0.1:8080/books/1,HTTP/1.1,default,,200,,,http://127.0.0.1:8080/books/1,
http_req_failed,1664370364,0.000000,,,,true,,GET,http://127.0.0.1:8080/books/1,HTTP/1.1,default,,200,,,http://127.0.0.1:8080/books/1,
checks,1664370364,1.000000,status was 200,,,,,,,,default,,,,,,
vus,1664370365,5.000000,,,,,,,,,,,,,,,
vus_max,1664370365,10.000000,,,,,,,,,,,,,,,
http_reqs,1664370365,1.000000,,,,true,,GET,http://127.0.0.1:8080/books/2,HTTP/1.1,default,,200,,,http://127.0.0.1:8080/books/2,
http_req_duration,1664370365,3.592400,,,,true,,GET,http://127.0.0.1:8080/books/2,HTTP/1.1,default,,200,,,http://127.0.0.1:8080/books/2,
http_req_blocked,1664370365,0.000000,,,,true,,GET,http://127.0.0.1:8080/books/2,HTTP/1.1,default,,200,,,http://127.0.0.1:8080/books/2,
http_req_connecting,1664370365,0.000000,,,,true,,GET,http://127.0.0.1:8080/books/2,HTTP/1.1,default,,200,,,http://127.0.0.1:8080/books/2,
http_req_tls_handshaking,1664370365,0.000000,,,,true,,GET,http://127.0.0.1:8080/books/2,HTTP/1.1,default,,200,,,http://127.0.0.1:8080/books/2,
http_req_sending,1664370365,0.000000,,,,true,,GET,http://127.0.0.1:8080/books/2,HTTP/1.1,default,,200,,,http://127.0.0.1:8080/books/2,
http_req_waiting,1664370365,3.528100,,,,true,,GET,http://127.0.0.1:8080/books/2,HTTP/1.1,default,,200,,,http://127.0.0.1:8080/books/2,
http_req_receiving,1664370365,0.064300,,,,true,,GET,http://127.0.0.1:8080/books/2,HTTP/1.1,default,,200,,,http://127.0.0.1:8080/books/2,
http_req_failed,1664370365,0.000000,,,,true,,GET,http://127.0.0.1:8080/books/2,HTTP/1.1,default,,200,,,http://127.0.0.1:8080/books/2,
checks,1664370365,1.000000,status was 200,,,,,,,,default,,,,,,
http_reqs,1664370365,1.000000,,,,true,,GET,http://127.0.0.1:8080/books/all,HTTP/1.1,default,,200,,,http://127.0.0.1:8080/books/all,
http_req_duration,1664370365,3.523000,,,,true,,GET,http://127.0.0.1:8080/books/all,HTTP/1.1,default,,200,,,http://127.0.0.1:8080/books/all,
http_req_blocked,1664370365,1.261700,,,,true,,GET,http://127.0.0.1:8080/books/all,HTTP/1.1,default,,200,,,http://127.0.0.1:8080/books/all,
http_req_connecting,1664370365,0.576800,,,,true,,GET,http://127.0.0.1:8080/books/all,HTTP/1.1,default,,200,,,http://127.0.0.1:8080/books/all,
http_req_tls_handshaking,1664370365,0.000000,,,,true,,GET,http://127.0.0.1:8080/books/all,HTTP/1.1,default,,200,,,http://127.0.0.1:8080/books/all,
http_req_sending,1664370365,0.000000,,,,true,,GET,http://127.0.0.1:8080/books/all,HTTP/1.1,default,,200,,,http://127.0.0.1:8080/books/all,
http_req_waiting,1664370365,2.560600,,,,true,,GET,http://127.0.0.1:8080/books/all,HTTP/1.1,default,,200,,,http://127.0.0.1:8080/books/all,
http_req_receiving,1664370365,0.962400,,,,true,,GET,http://127.0.0.1:8080/books/all,HTTP/1.1,default,,200,,,http://127.0.0.1:8080/books/all,
http_req_failed,1664370365,0.000000,,,,true,,GET,http://127.0.0.1:8080/books/all,HTTP/1.1,default,,200,,,http://127.0.0.1:8080/books/all,
checks,1664370365,1.000000,status was 200,,,,,,,,default,,,,,,
http_reqs,1664370365,1.000000,,,,true,,GET,http://127.0.0.1:8080/books/1,HTTP/1.1,default,,200,,,http://127.0.0.1:8080/books/1,
http_req_duration,1664370365,4.162700,,,,true,,GET,http://127.0.0.1:8080/books/1,HTTP/1.1,default,,200,,,http://127.0.0.1:8080/books/1,
http_req_blocked,1664370365,0.000000,,,,true,,GET,http://127.0.0.1:8080/books/1,HTTP/1.1,default,,200,,,http://127.0.0.1:8080/books/1,
http_req_connecting,1664370365,0.000000,,,,true,,GET,http://127.0.0.1:8080/books/1,HTTP/1.1,default,,200,,,http://127.0.0.1:8080/books/1,
http_req_tls_handshaking,1664370365,0.000000,,,,true,,GET,http://127.0.0.1:8080/books/1,HTTP/1.1,default,,200,,,http://127.0.0.1:8080/books/1,
http_req_sending,1664370365,0.000000,,,,true,,GET,http://127.0.0.1:8080/books/1,HTTP/1.1,default,,200,,,http://127.0.0.1:8080/books/1,
http_req_waiting,1664370365,2.520100,,,,true,,GET,http://127.0.0.1:8080/books/1,HTTP/1.1,default,,200,,,http://127.0.0.1:8080/books/1,
http_req_receiving,1664370365,1.642600,,,,true,,GET,http://127.0.0.1:8080/books/1,HTTP/1.1,default,,200,,,http://127.0.0.1:8080/books/1,
http_req_failed,1664370365,0.000000,,,,true,,GET,http://127.0.0.1:8080/books/1,HTTP/1.1,default,,200,,,http://127.0.0.1:8080/books/1,
checks,1664370365,1.000000,status was 200,,,,,,,,default,,,,,,
http_reqs,1664370365,1.000000,,,,true,,GET,http://127.0.0.1:8080/books/2,HTTP/1.1,default,,200,,,http://127.0.0.1:8080/books/2,
http_req_duration,1664370365,4.731300,,,,true,,GET,http://127.0.0.1:8080/books/2,HTTP/1.1,default,,200,,,http://127.0.0.1:8080/books/2,
http_req_blocked,1664370365,0.000000,,,,true,,GET,http://127.0.0.1:8080/books/2,HTTP/1.1,default,,200,,,http://127.0.0.1:8080/books/2,
http_req_connecting,1664370365,0.000000,,,,true,,GET,http://127.0.0.1:8080/books/2,HTTP/1.1,default,,200,,,http://127.0.0.1:8080/books/2,
http_req_tls_handshaking,1664370365,0.000000,,,,true,,GET,http://127.0.0.1:8080/books/2,HTTP/1.1,default,,200,,,http://127.0.0.1:8080/books/2,
http_req_sending,1664370365,0.000000,,,,true,,GET,http://127.0.0.1:8080/books/2,HTTP/1.1,default,,200,,,http://127.0.0.1:8080/books/2,
http_req_waiting,1664370365,3.520900,,,,true,,GET,http://127.0.0.1:8080/books/2,HTTP/1.1,default,,200,,,http://127.0.0.1:8080/books/2,
http_req_receiving,1664370365,1.210400,,,,true,,GET,http://127.0.0.1:8080/books/2,HTTP/1.1,default,,200,,,http://127.0.0.1:8080/books/2,
http_req_failed,1664370365,0.000000,,,,true,,GET,http://127.0.0.1:8080/books/2,HTTP/1.1,default,,200,,,http://127.0.0.1:8080/books/2,
checks,1664370365,1.000000,status was 200,,,,,,,,default,,,,,,
http_reqs,1664370365,1.000000,,,,true,,GET,http://127.0.0.1:8080/books/all,HTTP/1.1,default,,200,,,http://127.0.0.1:8080/books/all,
http_req_duration,1664370365,3.573100,,,,true,,GET,http://127.0.0.1:8080/books/all,HTTP/1.1,default,,200,,,http://127.0.0.1:8080/books/all,
http_req_blocked,1664370365,1.347700,,,,true,,GET,http://127.0.0.1:8080/books/all,HTTP/1.1,default,,200,,,http://127.0.0.1:8080/books/all,
http_req_connecting,1664370365,1.321300,,,,true,,GET,http://127.0.0.1:8080/books/all,HTTP/1.1,default,,200,,,http://127.0.0.1:8080/books/all,
http_req_tls_handshaking,1664370365,0.000000,,,,true,,GET,http://127.0.0.1:8080/books/all,HTTP/1.1,default,,200,,,http://127.0.0.1:8080/books/all,
http_req_sending,1664370365,0.000000,,,,true,,GET,http://127.0.0.1:8080/books/all,HTTP/1.1,default,,200,,,http://127.0.0.1:8080/books/all,
http_req_waiting,1664370365,3.085300,,,,true,,GET,http://127.0.0.1:8080/books/all,HTTP/1.1,default,,200,,,http://127.0.0.1:8080/books/all,
http_req_receiving,1664370365,0.487800,,,,true,,GET,http://127.0.0.1:8080/books/all,HTTP/1.1,default,,200,,,http://127.0.0.1:8080/books/all,
http_req_failed,1664370365,0.000000,,,,true,,GET,http://127.0.0.1:8080/books/all,HTTP/1.1,default,,200,,,http://127.0.0.1:8080/books/all,
checks,1664370365,1.000000,status was 200,,,,,,,,default,,,,,,
http_reqs,1664370365,1.000000,,,,true,,GET,http://127.0.0.1:8080/books/1,HTTP/1.1,default,,200,,,http://127.0.0.1:8080/books/1,
http_req_duration,1664370365,3.442200,,,,true,,GET,http://127.0.0.1:8080/books/1,HTTP/1.1,default,,200,,,http://127.0.0.1:8080/books/1,
http_req_blocked,1664370365,0.000000,,,,true,,GET,http://127.0.0.1:8080/books/1,HTTP/1.1,default,,200,,,http://127.0.0.1:8080/books/1,
http_req_connecting,1664370365,0.000000,,,,true,,GET,http://127.0.0.1:8080/books/1,HTTP/1.1,default,,200,,,http://127.0.0.1:8080/books/1,
http_req_tls_handshaking,1664370365,0.000000,,,,true,,GET,http://127.0.0.1:8080/books/1,HTTP/1.1,default,,200,,,http://127.0.0.1:8080/books/1,
http_req_sending,1664370365,0.000000,,,,true,,GET,http://127.0.0.1:8080/books/1,HTTP/1.1,default,,200,,,http://127.0.0.1:8080/books/1,
http_req_waiting,1664370365,3.056300,,,,true,,GET,http://127.0.0.1:8080/books/1,HTTP/1.1,default,,200,,,http://127.0.0.1:8080/books/1,
http_req_receiving,1664370365,0.385900,,,,true,,GET,http://127.0.0.1:8080/books/1,HTTP/1.1,default,,200,,,http://127.0.0.1:8080/books/1,
http_req_failed,1664370365,0.000000,,,,true,,GET,http://127.0.0.1:8080/books/1,HTTP/1.1,default,,200,,,http://127.0.0.1:8080/books/1,
checks,1664370365,1.000000,status was 200,,,,,,,,default,,,,,,
http_reqs,1664370366,1.000000,,,,true,,GET,http://127.0.0.1:8080/books/2,HTTP/1.1,default,,200,,,http://127.0.0.1:8080/books/2,
http_req_duration,1664370366,3.862200,,,,true,,GET,http://127.0.0.1:8080/books/2,HTTP/1.1,default,,200,,,http://127.0.0.1:8080/books/2,
http_req_blocked,1664370366,0.000000,,,,true,,GET,http://127.0.0.1:8080/books/2,HTTP/1.1,default,,200,,,http://127.0.0.1:8080/books/2,
http_req_connecting,1664370366,0.000000,,,,true,,GET,http://127.0.0.1:8080/books/2,HTTP/1.1,default,,200,,,http://127.0.0.1:8080/books/2,
http_req_tls_handshaking,1664370366,0.000000,,,,true,,GET,http://127.0.0.1:8080/books/2,HTTP/1.1,default,,200,,,http://127.0.0.1:8080/books/2,
http_req_sending,1664370366,0.000000,,,,true,,GET,http://127.0.0.1:8080/books/2,HTTP/1.1,default,,200,,,http://127.0.0.1:8080/books/2,
http_req_waiting,1664370366,2.528100,,,,true,,GET,http://127.0.0.1:8080/books/2,HTTP/1.1,default,,200,,,http://127.0.0.1:8080/books/2,
http_req_receiving,1664370366,1.334100,,,,true,,GET,http://127.0.0.1:8080/books/2,HTTP/1.1,default,,200,,,http://127.0.0.1:8080/books/2,
http_req_failed,1664370366,0.000000,,,,true,,GET,http://127.0.0.1:8080/books/2,HTTP/1.1,default,,200,,,http://127.0.0.1:8080/books/2,
checks,1664370366,1.000000,status was 200,,,,,,,,default,,,,,,
vus,1664370366,7.000000,,,,,,,,,,,,,,,
vus_max,1664370366,10.000000,,,,,,,,,,,,,,,
http_reqs,1664370366,1.000000,,,,true,,GET,http://127.0.0.1:8080/books/all,HTTP/1.1,default,,200,,,http://127.0.0.1:8080/books/all,
http_req_duration,1664370366,4.304400,,,,true,,GET,http://127.0.0.1:8080/books/all,HTTP/1.1,default,,200,,,http://127.0.0.1:8080/books/all,
http_req_blocked,1664370366,0.000000,,,,true,,GET,http://127.0.0.1:8080/books/all,HTTP/1.1,default,,200,,,http://127.0.0.1:8080/books/all,
http_req_connecting,1664370366,0.000000,,,,true,,GET,http://127.0.0.1:8080/books/all,HTTP/1.1,default,,200,,,http://127.0.0.1:8080/books/all,
http_req_tls_handshaking,1664370366,0.000000,,,,true,,GET,http://127.0.0.1:8080/books/all,HTTP/1.1,default,,200,,,http://127.0.0.1:8080/books/all,
http_req_sending,1664370366,0.000000,,,,true,,GET,http://127.0.0.1:8080/books/all,HTTP/1.1,default,,200,,,http://127.0.0.1:8080/books/all,
http_req_waiting,1664370366,3.000000,,,,true,,GET,http://127.0.0.1:8080/books/all,HTTP/1.1,default,,200,,,http://127.0.0.1:8080/books/all,
http_req_receiving,1664370366,1.304400,,,,true,,GET,http://127.0.0.1:8080/books/all,HTTP/1.1,default,,200,,,http://127.0.0.1:8080/books/all,
http_req_failed,1664370366,0.000000,,,,true,,GET,http://127.0.0.1:8080/books/all,HTTP/1.1,default,,200,,,http://127.0.0.1:8080/books/all,
checks,1664370366,1.000000,status was 200,,,,,,,,default,,,,,,
http_reqs,1664370366,1.000000,,,,true,,GET,http://127.0.0.1:8080/books/3,HTTP/1.1,default,,200,,,http://127.0.0.1:8080/books/3,
http_req_duration,1664370366,2.827800,,,,true,,GET,http://127.0.0.1:8080/books/3,HTTP/1.1,default,,200,,,http://127.0.0.1:8080/books/3,
http_req_blocked,1664370366,0.000000,,,,true,,GET,http://127.0.0.1:8080/books/3,HTTP/1.1,default,,200,,,http://127.0.0.1:8080/books/3,
http_req_connecting,1664370366,0.000000,,,,true,,GET,http://127.0.0.1:8080/books/3,HTTP/1.1,default,,200,,,http://127.0.0.1:8080/books/3,
http_req_tls_handshaking,1664370366,0.000000,,,,true,,GET,http://127.0.0.1:8080/books/3,HTTP/1.1,default,,200,,,http://127.0.0.1:8080/books/3,
http_req_sending,1664370366,0.000000,,,,true,,GET,http://127.0.0.1:8080/books/3,HTTP/1.1,default,,200,,,http://127.0.0.1:8080/books/3,
http_req_waiting,1664370366,2.515600,,,,true,,GET,http://127.0.0.1:8080/books/3,HTTP/1.1,default,,200,,,http://127.0.0.1:8080/books/3,
http_req_receiving,1664370366,0.312200,,,,true,,GET,http://127.0.0.1:8080/books/3,HTTP/1.1,default,,200,,,http://127.0.0.1:8080/books/3,
http_req_failed,1664370366,0.000000,,,,true,,GET,http://127.0.0.1:8080/books/3,HTTP/1.1,default,,200,,,http://127.0.0.1:8080/books/3,
checks,1664370366,1.000000,status was 200,,,,,,,,default,,,,,,
http_reqs,1664370366,1.000000,,,,true,,GET,http://127.0.0.1:8080/books/1,HTTP/1.1,default,,200,,,http://127.0.0.1:8080/books/1,
http_req_duration,1664370366,3.531400,,,,true,,GET,http://127.0.0.1:8080/books/1,HTTP/1.1,default,,200,,,http://127.0.0.1:8080/books/1,
http_req_blocked,1664370366,0.000000,,,,true,,GET,http://127.0.0.1:8080/books/1,HTTP/1.1,default,,200,,,http://127.0.0.1:8080/books/1,
http_req_connecting,1664370366,0.000000,,,,true,,GET,http://127.0.0.1:8080/books/1,HTTP/1.1,default,,200,,,http://127.0.0.1:8080/books/1,
http_req_tls_handshaking,1664370366,0.000000,,,,true,,GET,http://127.0.0.1:8080/books/1,HTTP/1.1,default,,200,,,http://127.0.0.1:8080/books/1,
http_req_sending,1664370366,0.000000,,,,true,,GET,http://127.0.0.1:8080/books/1,HTTP/1.1,default,,200,,,http://127.0.0.1:8080/books/1,
http_req_waiting,1664370366,2.567600,,,,true,,GET,http://127.0.0.1:8080/books/1,HTTP/1.1,default,,200,,,http://127.0.0.1:8080/books/1,
http_req_receiving,1664370366,0.963800,,,,true,,GET,http://127.0.0.1:8080/books/1,HTTP/1.1,default,,200,,,http://127.0.0.1:8080/books/1,
http_req_failed,1664370366,0.000000,,,,true,,GET,http://127.0.0.1:8080/books/1,HTTP/1.1,default,,200,,,http://127.0.0.1:8080/books/1,
checks,1664370366,1.000000,status was 200,,,,,,,,default,,,,,,
http_reqs,1664370366,1.000000,,,,true,,GET,http://127.0.0.1:8080/books/2,HTTP/1.1,default,,200,,,http://127.0.0.1:8080/books/2,
http_req_duration,1664370366,2.655000,,,,true,,GET,http://127.0.0.1:8080/books/2,HTTP/1.1,default,,200,,,http://127.0.0.1:8080/books/2,
http_req_blocked,1664370366,0.000000,,,,true,,GET,http://127.0.0.1:8080/books/2,HTTP/1.1,default,,200,,,http://127.0.0.1:8080/books/2,
http_req_connecting,1664370366,0.000000,,,,true,,GET,http://127.0.0.1:8080/books/2,HTTP/1.1,default,,200,,,http://127.0.0.1:8080/books/2,
http_req_tls_handshaking,1664370366,0.000000,,,,true,,GET,http://127.0.0.1:8080/books/2,HTTP/1.1,default,,200,,,http://127.0.0.1:8080/books/2,
http_req_sending,1664370366,0.000000,,,,true,,GET,http://127.0.0.1:8080/books/2,HTTP/1.1,default,,200,,,http://127.0.0.1:8080/books/2,
http_req_waiting,1664370366,2.518000,,,,true,,GET,http://127.0.0.1:8080/books/2,HTTP/1.1,default,,200,,,http://127.0.0.1:8080/books/2,
http_req_receiving,1664370366,0.137000,,,,true,,GET,http://127.0.0.1:8080/books/2,HTTP/1.1,default,,200,,,http://127.0.0.1:8080/books/2,
http_req_failed,1664370366,0.000000,,,,true,,GET,http://127.0.0.1:8080/books/2,HTTP/1.1,default,,200,,,http://127.0.0.1:8080/books/2,
checks,1664370366,1.000000,status was 200,,,,,,,,default,,,,,,
http_reqs,1664370366,1.000000,,,,true,,GET,http://127.0.0.1:8080/books/3,HTTP/1.1,default,,200,,,http://127.0.0.1:8080/books/3,
http_req_duration,1664370366,2.833700,,,,true,,GET,http://127.0.0.1:8080/books/3,HTTP/1.1,default,,200,,,http://127.0.0.1:8080/books/3,
http_req_blocked,1664370366,0.000000,,,,true,,GET,http://127.0.0.1:8080/books/3,HTTP/1.1,default,,200,,,http://127.0.0.1:8080/books/3,
http_req_connecting,1664370366,0.000000,,,,true,,GET,http://127.0.0.1:8080/books/3,HTTP/1.1,default,,200,,,http://127.0.0.1:8080/books/3,
http_req_tls_handshaking,1664370366,0.000000,,,,true,,GET,http://127.0.0.1:8080/books/3,HTTP/1.1,default,,200,,,http://127.0.0.1:8080/books/3,
http_req_sending,1664370366,0.000000,,,,true,,GET,http://127.0.0.1:8080/books/3,HTTP/1.1,default,,200,,,http://127.0.0.1:8080/books/3,
http_req_waiting,1664370366,1.929000,,,,true,,GET,http://127.0.0.1:8080/books/3,HTTP/1.1,default,,200,,,http://127.0.0.1:8080/books/3,
http_req_receiving,1664370366,0.904700,,,,true,,GET,http://127.0.0.1:8080/books/3,HTTP/1.1,default,,200,,,http://127.0.0.1:8080/books/3,
http_req_failed,1664370366,0.000000,,,,true,,GET,http://127.0.0.1:8080/books/3,HTTP/1.1,default,,200,,,http://127.0.0.1:8080/books/3,
checks,1664370366,1.000000,status was 200,,,,,,,,default,,,,,,
http_reqs,1664370366,1.000000,,,,true,,GET,http://127.0.0.1:8080/books/all,HTTP/1.1,default,,200,,,http://127.0.0.1:8080/books/all,
http_req_duration,1664370366,3.528400,,,,true,,GET,http://127.0.0.1:8080/books/all,HTTP/1.1,default,,200,,,http://127.0.0.1:8080/books/all,
http_req_blocked,1664370366,0.570000,,,,true,,GET,http://127.0.0.1:8080/books/all,HTTP/1.1,default,,200,,,http://127.0.0.1:8080/books/all,
http_req_connecting,1664370366,0.570000,,,,true,,GET,http://127.0.0.1:8080/books/all,HTTP/1.1,default,,200,,,http://127.0.0.1:8080/books/all,
http_req_tls_handshaking,1664370366,0.000000,,,,true,,GET,http://127.0.0.1:8080/books/all,HTTP/1.1,default,,200,,,http://127.0.0.1:8080/books/all,
http_req_sending,1664370366,0.000000,,,,true,,GET,http://127.0.0.1:8080/books/all,HTTP/1.1,default,,200,,,http://127.0.0.1:8080/books/all,
http_req_waiting,1664370366,2.527100,,,,true,,GET,http://127.0.0.1:8080/books/all,HTTP/1.1,default,,200,,,http://127.0.0.1:8080/books/all,
http_req_receiving,1664370366,1.001300,,,,true,,GET,http://127.0.0.1:8080/books/all,HTTP/1.1,default,,200,,,http://127.0.0.1:8080/books/all,
http_req_failed,1664370366,0.000000,,,,true,,GET,http://127.0.0.1:8080/books/all,HTTP/1.1,default,,200,,,http://127.0.0.1:8080/books/all,
checks,1664370366,1.000000,status was 200,,,,,,,,default,,,,,,
http_reqs,1664370366,1.000000,,,,true,,GET,http://127.0.0.1:8080/books/1,HTTP/1.1,default,,200,,,http://127.0.0.1:8080/books/1,
http_req_duration,1664370366,2.695500,,,,true,,GET,http://127.0.0.1:8080/books/1,HTTP/1.1,default,,200,,,http://127.0.0.1:8080/books/1,
http_req_blocked,1664370366,0.000000,,,,true,,GET,http://127.0.0.1:8080/books/1,HTTP/1.1,default,,200,,,http://127.0.0.1:8080/books/1,
http_req_connecting,1664370366,0.000000,,,,true,,GET,http://127.0.0.1:8080/books/1,HTTP/1.1,default,,200,,,http://127.0.0.1:8080/books/1,
http_req_tls_handshaking,1664370366,0.000000,,,,true,,GET,http://127.0.0.1:8080/books/1,HTTP/1.1,default,,200,,,http://127.0.0.1:8080/books/1,
http_req_sending,1664370366,0.000000,,,,true,,GET,http://127.0.0.1:8080/books/1,HTTP/1.1,default,,200,,,http://127.0.0.1:8080/books/1,
http_req_waiting,1664370366,2.518200,,,,true,,GET,http://127.0.0.1:8080/books/1,HTTP/1.1,default,,200,,,http://127.0.0.1:8080/books/1,
http_req_receiving,1664370366,0.177300,,,,true,,GET,http://127.0.0.1:8080/books/1,HTTP/1.1,default,,200,,,http://127.0.0.1:8080/books/1,
http_req_failed,1664370366,0.000000,,,,true,,GET,http://127.0.0.1:8080/books/1,HTTP/1.1,default,,200,,,http://127.0.0.1:8080/books/1,
checks,1664370366,1.000000,status was 200,,,,,,,,default,,,,,,
http_reqs,1664370366,1.000000,,,,true,,GET,http://127.0.0.1:8080/books/2,HTTP/1.1,default,,200,,,http://127.0.0.1:8080/books/2,
http_req_duration,1664370366,2.381600,,,,true,,GET,http://127.0.0.1:8080/books/2,HTTP/1.1,default,,200,,,http://127.0.0.1:8080/books/2,
http_req_blocked,1664370366,0.000000,,,,true,,GET,http://127.0.0.1:8080/books/2,HTTP/1.1,default,,200,,,http://127.0.0.1:8080/books/2,
http_req_connecting,1664370366,0.000000,,,,true,,GET,http://127.0.0.1:8080/books/2,HTTP/1.1,default,,200,,,http://127.0.0.1:8080/books/2,
http_req_tls_handshaking,1664370366,0.000000,,,,true,,GET,http://127.0.0.1:8080/books/2,HTTP/1.1,default,,200,,,http://127.0.0.1:8080/books/2,
http_req_sending,1664370366,0.000000,,,,true,,GET,http://127.0.0.1:8080/books/2,HTTP/1.1,default,,200,,,http://127.0.0.1:8080/books/2,
http_req_waiting,1664370366,1.561300,,,,true,,GET,http://127.0.0.1:8080/books/2,HTTP/1.1,default,,200,,,http://127.0.0.1:8080/books/2,
http_req_receiving,1664370366,0.820300,,,,true,,GET,http://127.0.0.1:8080/books/2,HTTP/1.1,default,,200,,,http://127.0.0.1:8080/books/2,
http_req_failed,1664370366,0.000000,,,,true,,GET,http://127.0.0.1:8080/books/2,HTTP/1.1,default,,200,,,http://127.0.0.1:8080/books/2,
checks,1664370366,1.000000,status was 200,,,,,,,,default,,,,,,
http_reqs,1664370367,1.000000,,,,true,,GET,http://127.0.0.1:8080/books/3,HTTP/1.1,default,,200,,,http://127.0.0.1:8080/books/3,
http_req_duration,1664370367,2.949200,,,,true,,GET,http://127.0.0.1:8080/books/3,HTTP/1.1,default,,200,,,http://127.0.0.1:8080/books/3,
http_req_blocked,1664370367,0.000000,,,,true,,GET,http://127.0.0.1:8080/books/3,HTTP/1.1,default,,200,,,http://127.0.0.1:8080/books/3,
http_req_connecting,1664370367,0.000000,,,,true,,GET,http://127.0.0.1:8080/books/3,HTTP/1.1,default,,200,,,http://127.0.0.1:8080/books/3,
http_req_tls_handshaking,1664370367,0.000000,,,,true,,GET,http://127.0.0.1:8080/books/3,HTTP/1.1,default,,200,,,http://127.0.0.1:8080/books/3,
http_req_sending,1664370367,0.000000,,,,true,,GET,http://127.0.0.1:8080/books/3,HTTP/1.1,default,,200,,,http://127.0.0.1:8080/books/3,
http_req_waiting,1664370367,2.632900,,,,true,,GET,http://127.0.0.1:8080/books/3,HTTP/1.1,default,,200,,,http://127.0.0.1:8080/books/3,
http_req_receiving,1664370367,0.316300,,,,true,,GET,http://127.0.0.1:8080/books/3,HTTP/1.1,default,,200,,,http://127.0.0.1:8080/books/3,
http_req_failed,1664370367,0.000000,,,,true,,GET,http://127.0.0.1:8080/books/3,HTTP/1.1,default,,200,,,http://127.0.0.1:8080/books/3,
checks,1664370367,1.000000,status was 200,,,,,,,,default,,,,,,
vus,1664370367,10.000000,,,,,,,,,,,,,,,
vus_max,1664370367,10.000000,,,,,,,,,,,,,,,
http_reqs,1664370367,1.000000,,,,true,,GET,http://127.0.0.1:8080/books/all,HTTP/1.1,default,,200,,,http://127.0.0.1:8080/books/all,
http_req_duration,1664370367,3.336900,,,,true,,GET,http://127.0.0.1:8080/books/all,HTTP/1.1,default,,200,,,http://127.0.0.1:8080/books/all,
http_req_blocked,1664370367,0.000000,,,,true,,GET,http://127.0.0.1:8080/books/all,HTTP/1.1,default,,200,,,http://127.0.0.1:8080/books/all,
http_req_connecting,1664370367,0.000000,,,,true,,GET,http://127.0.0.1:8080/books/all,HTTP/1.1,default,,200,,,http://127.0.0.1:8080/books/all,
http_req_tls_handshaking,1664370367,0.000000,,,,true,,GET,http://127.0.0.1:8080/books/all,HTTP/1.1,default,,200,,,http://127.0.0.1:8080/books/all,
http_req_sending,1664370367,0.000000,,,,true,,GET,http://127.0.0.1:8080/books/all,HTTP/1.1,default,,200,,,http://127.0.0.1:8080/books/all,
http_req_waiting,1664370367,3.234000,,,,true,,GET,http://127.0.0.1:8080/books/all,HTTP/1.1,default,,200,,,http://127.0.0.1:8080/books/all,
http_req_receiving,1664370367,0.102900,,,,true,,GET,http://127.0.0.1:8080/books/all,HTTP/1.1,default,,200,,,http://127.0.0.1:8080/books/all,
http_req_failed,1664370367,0.000000,,,,true,,GET,http://127.0.0.1:8080/books/all,HTTP/1.1,default,,200,,,http://127.0.0.1:8080/books/all,
checks,1664370367,1.000000,status was 200,,,,,,,,default,,,,,,
http_reqs,1664370367,1.000000,,,,true,,GET,http://127.0.0.1:8080/books/1,HTTP/1.1,default,,200,,,http://127.0.0.1:8080/books/1,
http_req_duration,1664370367,3.161800,,,,true,,GET,http://127.0.0.1:8080/books/1,HTTP/1.1,default,,200,,,http://127.0.0.1:8080/books/1,
http_req_blocked,1664370367,0.000000,,,,true,,GET,http://127.0.0.1:8080/books/1,HTTP/1.1,default,,200,,,http://127.0.0.1:8080/books/1,
http_req_connecting,1664370367,0.000000,,,,true,,GET,http://127.0.0.1:8080/books/1,HTTP/1.1,default,,200,,,http://127.0.0.1:8080/books/1,
http_req_tls_handshaking,1664370367,0.000000,,,,true,,GET,http://127.0.0.1:8080/books/1,HTTP/1.1,default,,200,,,http://127.0.0.1:8080/books/1,
http_req_sending,1664370367,0.000000,,,,true,,GET,http://127.0.0.1:8080/books/1,HTTP/1.1,default,,200,,,http://127.0.0.1:8080/books/1,
http_req_waiting,1664370367,2.520200,,,,true,,GET,http://127.0.0.1:8080/books/1,HTTP/1.1,default,,200,,,http://127.0.0.1:8080/books/1,
http_req_receiving,1664370367,0.641600,,,,true,,GET,http://127.0.0.1:8080/books/1,HTTP/1.1,default,,200,,,http://127.0.0.1:8080/books/1,
http_req_failed,1664370367,0.000000,,,,true,,GET,http://127.0.0.1:8080/books/1,HTTP/1.1,default,,200,,,http://127.0.0.1:8080/books/1,
checks,1664370367,1.000000,status was 200,,,,,,,,default,,,,,,
data_sent,1664370367,350.000000,,,,,,,,,default,,,,,,
data_received,1664370367,968.000000,,,,,,,,,default,,,,,,
iteration_duration,1664370367,4215.533800,,,,,,,,,default,,,,,,
iterations,1664370367,1.000000,,,,,,,,,default,,,,,,
http_reqs,1664370367,1.000000,,,,true,,GET,http://127.0.0.1:8080/books/all,HTTP/1.1,default,,200,,,http://127.0.0.1:8080/books/all,
http_req_duration,1664370367,3.469500,,,,true,,GET,http://127.0.0.1:8080/books/all,HTTP/1.1,default,,200,,,http://127.0.0.1:8080/books/all,
http_req_blocked,1664370367,0.000000,,,,true,,GET,http://127.0.0.1:8080/books/all,HTTP/1.1,default,,200,,,http://127.0.0.1:8080/books/all,
http_req_connecting,1664370367,0.000000,,,,true,,GET,http://127.0.0.1:8080/books/all,HTTP/1.1,default,,200,,,http://127.0.0.1:8080/books/all,
http_req_tls_handshaking,1664370367,0.000000,,,,true,,GET,http://127.0.0.1:8080/books/all,HTTP/1.1,default,,200,,,http://127.0.0.1:8080/books/all,
http_req_sending,1664370367,0.000000,,,,true,,GET,http://127.0.0.1:8080/books/all,HTTP/1.1,default,,200,,,http://127.0.0.1:8080/books/all,
http_req_waiting,1664370367,2.520200,,,,true,,GET,http://127.0.0.1:8080/books/all,HTTP/1.1,default,,200,,,http://127.0.0.1:8080/books/all,
http_req_receiving,1664370367,0.949300,,,,true,,GET,http://127.0.0.1:8080/books/all,HTTP/1.1,default,,200,,,http://127.0.0.1:8080/books/all,
http_req_failed,1664370367,0.000000,,,,true,,GET,http://127.0.0.1:8080/books/all,HTTP/1.1,default,,200,,,http://127.0.0.1:8080/books/all,
checks,1664370367,1.000000,status was 200,,,,,,,,default,,,,,,
http_reqs,1664370367,1.000000,,,,true,,GET,http://127.0.0.1:8080/books/2,HTTP/1.1,default,,200,,,http://127.0.0.1:8080/books/2,
http_req_duration,1664370367,3.385400,,,,true,,GET,http://127.0.0.1:8080/books/2,HTTP/1.1,default,,200,,,http://127.0.0.1:8080/books/2,
http_req_blocked,1664370367,0.000000,,,,true,,GET,http://127.0.0.1:8080/books/2,HTTP/1.1,default,,200,,,http://127.0.0.1:8080/books/2,
http_req_connecting,1664370367,0.000000,,,,true,,GET,http://127.0.0.1:8080/books/2,HTTP/1.1,default,,200,,,http://127.0.0.1:8080/books/2,
http_req_tls_handshaking,1664370367,0.000000,,,,true,,GET,http://127.0.0.1:8080/books/2,HTTP/1.1,default,,200,,,http://127.0.0.1:8080/books/2,
http_req_sending,1664370367,0.000000,,,,true,,GET,http://127.0.0.1:8080/books/2,HTTP/1.1,default,,200,,,http://127.0.0.1:8080/books/2,
http_req_waiting,1664370367,2.673200,,,,true,,GET,http://127.0.0.1:8080/books/2,HTTP/1.1,default,,200,,,http://127.0.0.1:8080/books/2,
http_req_receiving,1664370367,0.712200,,,,true,,GET,http://127.0.0.1:8080/books/2,HTTP/1.1,default,,200,,,http://127.0.0.1:8080/books/2,
http_req_failed,1664370367,0.000000,,,,true,,GET,http://127.0.0.1:8080/books/2,HTTP/1.1,default,,200,,,http://127.0.0.1:8080/books/2,
checks,1664370367,1.000000,status was 200,,,,,,,,default,,,,,,
http_reqs,1664370367,1.000000,,,,true,,GET,http://127.0.0.1:8080/books/3,HTTP/1.1,default,,200,,,http://127.0.0.1:8080/books/3,
http_req_duration,1664370367,3.684600,,,,true,,GET,http://127.0.0.1:8080/books/3,HTTP/1.1,default,,200,,,http://127.0.0.1:8080/books/3,
http_req_blocked,1664370367,0.000000,,,,true,,GET,http://127.0.0.1:8080/books/3,HTTP/1.1,default,,200,,,http://127.0.0.1:8080/books/3,
http_req_connecting,1664370367,0.000000,,,,true,,GET,http://127.0.0.1:8080/books/3,HTTP/1.1,default,,200,,,http://127.0.0.1:8080/books/3,
http_req_tls_handshaking,1664370367,0.000000,,,,true,,GET,http://127.0.0.1:8080/books/3,HTTP/1.1,default,,200,,,http://127.0.0.1:8080/books/3,
http_req_sending,1664370367,0.000000,,,,true,,GET,http://127.0.0.1:8080/books/3,HTTP/1.1,default,,200,,,http://127.0.0.1:8080/books/3,
http_req_waiting,1664370367,2.520800,,,,true,,GET,http://127.0.0.1:8080/books/3,HTTP/1.1,default,,200,,,http://127.0.0.1:8080/books/3,
http_req_receiving,1664370367,1.163800,,,,true,,GET,http://127.0.0.1:8080/books/3,HTTP/1.1,default,,200,,,http://127.0.0.1:8080/books/3,
http_req_failed,1664370367,0.000000,,,,true,,GET,http://127.0.0.1:8080/books/3,HTTP/1.1,default,,200,,,http://127.0.0.1:8080/books/3,
checks,1664370367,1.000000,status was 200,,,,,,,,default,,,,,,
data_sent,1664370367,350.000000,,,,,,,,,default,,,,,,
data_received,1664370367,968.000000,,,,,,,,,default,,,,,,
iteration_duration,1664370367,4050.780600,,,,,,,,,default,,,,,,
iterations,1664370367,1.000000,,,,,,,,,default,,,,,,
http_reqs,1664370367,1.000000,,,,true,,GET,http://127.0.0.1:8080/books/all,HTTP/1.1,default,,200,,,http://127.0.0.1:8080/books/all,
http_req_duration,1664370367,2.346400,,,,true,,GET,http://127.0.0.1:8080/books/all,HTTP/1.1,default,,200,,,http://127.0.0.1:8080/books/all,
http_req_blocked,1664370367,0.000000,,,,true,,GET,http://127.0.0.1:8080/books/all,HTTP/1.1,default,,200,,,http://127.0.0.1:8080/books/all,
http_req_connecting,1664370367,0.000000,,,,true,,GET,http://127.0.0.1:8080/books/all,HTTP/1.1,default,,200,,,http://127.0.0.1:8080/books/all,
http_req_tls_handshaking,1664370367,0.000000,,,,true,,GET,http://127.0.0.1:8080/books/all,HTTP/1.1,default,,200,,,http://127.0.0.1:8080/books/all,
http_req_sending,1664370367,0.000000,,,,true,,GET,http://127.0.0.1:8080/books/all,HTTP/1.1,default,,200,,,http://127.0.0.1:8080/books/all,
http_req_waiting,1664370367,1.516400,,,,true,,GET,http://127.0.0.1:8080/books/all,HTTP/1.1,default,,200,,,http://127.0.0.1:8080/books/all,
http_req_receiving,1664370367,0.830000,,,,true,,GET,http://127.0.0.1:8080/books/all,HTTP/1.1,default,,200,,,http://127.0.0.1:8080/books/all,
http_req_failed,1664370367,0.000000,,,,true,,GET,http://127.0.0.1:8080/books/all,HTTP/1.1,default,,200,,,http://127.0.0.1:8080/books/all,
checks,1664370367,1.000000,status was 200,,,,,,,,default,,,,,,
http_reqs,1664370367,1.000000,,,,true,,GET,http://127.0.0.1:8080/books/1,HTTP/1.1,default,,200,,,http://127.0.0.1:8080/books/1,
http_req_duration,1664370367,2.482000,,,,true,,GET,http://127.0.0.1:8080/books/1,HTTP/1.1,default,,200,,,http://127.0.0.1:8080/books/1,
http_req_blocked,1664370367,0.000000,,,,true,,GET,http://127.0.0.1:8080/books/1,HTTP/1.1,default,,200,,,http://127.0.0.1:8080/books/1,
http_req_connecting,1664370367,0.000000,,,,true,,GET,http://127.0.0.1:8080/books/1,HTTP/1.1,default,,200,,,http://127.0.0.1:8080/books/1,
http_req_tls_handshaking,1664370367,0.000000,,,,true,,GET,http://127.0.0.1:8080/books/1,HTTP/1.1,default,,200,,,http://127.0.0.1:8080/books/1,
http_req_sending,1664370367,0.000000,,,,true,,GET,http://127.0.0.1:8080/books/1,HTTP/1.1,default,,200,,,http://127.0.0.1:8080/books/1,
http_req_waiting,1664370367,1.543500,,,,true,,GET,http://127.0.0.1:8080/books/1,HTTP/1.1,default,,200,,,http://127.0.0.1:8080/books/1,
http_req_receiving,1664370367,0.938500,,,,true,,GET,http://127.0.0.1:8080/books/1,HTTP/1.1,default,,200,,,http://127.0.0.1:8080/books/1,
http_req_failed,1664370367,0.000000,,,,true,,GET,http://127.0.0.1:8080/books/1,HTTP/1.1,default,,200,,,http://127.0.0.1:8080/books/1,
checks,1664370367,1.000000,status was 200,,,,,,,,default,,,,,,
http_reqs,1664370367,1.000000,,,,true,,GET,http://127.0.0.1:8080/books/2,HTTP/1.1,default,,200,,,http://127.0.0.1:8080/books/2,
http_req_duration,1664370367,2.460700,,,,true,,GET,http://127.0.0.1:8080/books/2,HTTP/1.1,default,,200,,,http://127.0.0.1:8080/books/2,
http_req_blocked,1664370367,0.000000,,,,true,,GET,http://127.0.0.1:8080/books/2,HTTP/1.1,default,,200,,,http://127.0.0.1:8080/books/2,
http_req_connecting,1664370367,0.000000,,,,true,,GET,http://127.0.0.1:8080/books/2,HTTP/1.1,default,,200,,,http://127.0.0.1:8080/books/2,
http_req_tls_handshaking,1664370367,0.000000,,,,true,,GET,http://127.0.0.1:8080/books/2,HTTP/1.1,default,,200,,,http://127.0.0.1:8080/books/2,
http_req_sending,1664370367,0.000000,,,,true,,GET,http://127.0.0.1:8080/books/2,HTTP/1.1,default,,200,,,http://127.0.0.1:8080/books/2,
http_req_waiting,1664370367,1.556900,,,,true,,GET,http://127.0.0.1:8080/books/2,HTTP/1.1,default,,200,,,http://127.0.0.1:8080/books/2,
http_req_receiving,1664370367,0.903800,,,,true,,GET,http://127.0.0.1:8080/books/2,HTTP/1.1,default,,200,,,http://127.0.0.1:8080/books/2,
http_req_failed,1664370367,0.000000,,,,true,,GET,http://127.0.0.1:8080/books/2,HTTP/1.1,default,,200,,,http://127.0.0.1:8080/books/2,
checks,1664370367,1.000000,status was 200,,,,,,,,default,,,,,,
http_reqs,1664370367,1.000000,,,,true,,GET,http://127.0.0.1:8080/books/3,HTTP/1.1,default,,200,,,http://127.0.0.1:8080/books/3,
http_req_duration,1664370367,4.467500,,,,true,,GET,http://127.0.0.1:8080/books/3,HTTP/1.1,default,,200,,,http://127.0.0.1:8080/books/3,
http_req_blocked,1664370367,0.000000,,,,true,,GET,http://127.0.0.1:8080/books/3,HTTP/1.1,default,,200,,,http://127.0.0.1:8080/books/3,
http_req_connecting,1664370367,0.000000,,,,true,,GET,http://127.0.0.1:8080/books/3,HTTP/1.1,default,,200,,,http://127.0.0.1:8080/books/3,
http_req_tls_handshaking,1664370367,0.000000,,,,true,,GET,http://127.0.0.1:8080/books/3,HTTP/1.1,default,,200,,,http://127.0.0.1:8080/books/3,
http_req_sending,1664370367,0.000000,,,,true,,GET,http://127.0.0.1:8080/books/3,HTTP/1.1,default,,200,,,http://127.0.0.1:8080/books/3,
http_req_waiting,1664370367,3.540400,,,,true,,GET,http://127.0.0.1:8080/books/3,HTTP/1.1,default,,200,,,http://127.0.0.1:8080/books/3,
http_req_receiving,1664370367,0.927100,,,,true,,GET,http://127.0.0.1:8080/books/3,HTTP/1.1,default,,200,,,http://127.0.0.1:8080/books/3,
http_req_failed,1664370367,0.000000,,,,true,,GET,http://127.0.0.1:8080/books/3,HTTP/1.1,default,,200,,,http://127.0.0.1:8080/books/3,
checks,1664370367,1.000000,status was 200,,,,,,,,default,,,,,,
data_sent,1664370368,350.000000,,,,,,,,,default,,,,,,
data_received,1664370368,968.000000,,,,,,,,,default,,,,,,
iteration_duration,1664370368,4048.842500,,,,,,,,,default,,,,,,
iterations,1664370368,1.000000,,,,,,,,,default,,,,,,
http_reqs,1664370368,1.000000,,,,true,,GET,http://127.0.0.1:8080/books/all,HTTP/1.1,default,,200,,,http://127.0.0.1:8080/books/all,
http_req_duration,1664370368,6.870000,,,,true,,GET,http://127.0.0.1:8080/books/all,HTTP/1.1,default,,200,,,http://127.0.0.1:8080/books/all,
http_req_blocked,1664370368,0.000000,,,,true,,GET,http://127.0.0.1:8080/books/all,HTTP/1.1,default,,200,,,http://127.0.0.1:8080/books/all,
http_req_connecting,1664370368,0.000000,,,,true,,GET,http://127.0.0.1:8080/books/all,HTTP/1.1,default,,200,,,http://127.0.0.1:8080/books/all,
http_req_tls_handshaking,1664370368,0.000000,,,,true,,GET,http://127.0.0.1:8080/books/all,HTTP/1.1,default,,200,,,http://127.0.0.1:8080/books/all,
http_req_sending,1664370368,0.000000,,,,true,,GET,http://127.0.0.1:8080/books/all,HTTP/1.1,default,,200,,,http://127.0.0.1:8080/books/all,
http_req_waiting,1664370368,4.071300,,,,true,,GET,http://127.0.0.1:8080/books/all,HTTP/1.1,default,,200,,,http://127.0.0.1:8080/books/all,
http_req_receiving,1664370368,2.798700,,,,true,,GET,http://127.0.0.1:8080/books/all,HTTP/1.1,default,,200,,,http://127.0.0.1:8080/books/all,
http_req_failed,1664370368,0.000000,,,,true,,GET,http://127.0.0.1:8080/books/all,HTTP/1.1,default,,200,,,http://127.0.0.1:8080/books/all,
checks,1664370368,1.000000,status was 200,,,,,,,,default,,,,,,
vus,1664370368,10.000000,,,,,,,,,,,,,,,
vus_max,1664370368,10.000000,,,,,,,,,,,,,,,
http_reqs,1664370368,1.000000,,,,true,,GET,http://127.0.0.1:8080/books/1,HTTP/1.1,default,,200,,,http://127.0.0.1:8080/books/1,
http_req_duration,1664370368,3.738400,,,,true,,GET,http://127.0.0.1:8080/books/1,HTTP/1.1,default,,200,,,http://127.0.0.1:8080/books/1,
http_req_blocked,1664370368,0.000000,,,,true,,GET,http://127.0.0.1:8080/books/1,HTTP/1.1,default,,200,,,http://127.0.0.1:8080/books/1,
http_req_connecting,1664370368,0.000000,,,,true,,GET,http://127.0.0.1:8080/books/1,HTTP/1.1,default,,200,,,http://127.0.0.1:8080/books/1,
http_req_tls_handshaking,1664370368,0.000000,,,,true,,GET,http://127.0.0.1:8080/books/1,HTTP/1.1,default,,200,,,http://127.0.0.1:8080/books/1,
http_req_sending,1664370368,0.000000,,,,true,,GET,http://127.0.0.1:8080/books/1,HTTP/1.1,default,,200,,,http://127.0.0.1:8080/books/1,
http_req_waiting,1664370368,2.777000,,,,true,,GET,http://127.0.0.1:8080/books/1,HTTP/1.1,default,,200,,,http://127.0.0.1:8080/books/1,
http_req_receiving,1664370368,0.961400,,,,true,,GET,http://127.0.0.1:8080/books/1,HTTP/1.1,default,,200,,,http://127.0.0.1:8080/books/1,
http_req_failed,1664370368,0.000000,,,,true,,GET,http://127.0.0.1:8080/books/1,HTTP/1.1,default,,200,,,http://127.0.0.1:8080/books/1,
checks,1664370368,1.000000,status was 200,,,,,,,,default,,,,,,
http_reqs,1664370368,1.000000,,,,true,,GET,http://127.0.0.1:8080/books/2,HTTP/1.1,default,,200,,,http://127.0.0.1:8080/books/2,
http_req_duration,1664370368,3.371900,,,,true,,GET,http://127.0.0.1:8080/books/2,HTTP/1.1,default,,200,,,http://127.0.0.1:8080/books/2,
http_req_blocked,1664370368,0.000000,,,,true,,GET,http://127.0.0.1:8080/books/2,HTTP/1.1,default,,200,,,http://127.0.0.1:8080/books/2,
http_req_connecting,1664370368,0.000000,,,,true,,GET,http://127.0.0.1:8080/books/2,HTTP/1.1,default,,200,,,http://127.0.0.1:8080/books/2,
http_req_tls_handshaking,1664370368,0.000000,,,,true,,GET,http://127.0.0.1:8080/books/2,HTTP/1.1,default,,200,,,http://127.0.0.1:8080/books/2,
http_req_sending,1664370368,0.000000,,,,true,,GET,http://127.0.0.1:8080/books/2,HTTP/1.1,default,,200,,,http://127.0.0.1:8080/books/2,
http_req_waiting,1664370368,2.852400,,,,true,,GET,http://127.0.0.1:8080/books/2,HTTP/1.1,default,,200,,,http://127.0.0.1:8080/books/2,
http_req_receiving,1664370368,0.519500,,,,true,,GET,http://127.0.0.1:8080/books/2,HTTP/1.1,default,,200,,,http://127.0.0.1:8080/books/2,
http_req_failed,1664370368,0.000000,,,,true,,GET,http://127.0.0.1:8080/books/2,HTTP/1.1,default,,200,,,http://127.0.0.1:8080/books/2,
checks,1664370368,1.000000,status was 200,,,,,,,,default,,,,,,
http_reqs,1664370368,1.000000,,,,true,,GET,http://127.0.0.1:8080/books/1,HTTP/1.1,default,,200,,,http://127.0.0.1:8080/books/1,
http_req_duration,1664370368,3.126300,,,,true,,GET,http://127.0.0.1:8080/books/1,HTTP/1.1,default,,200,,,http://127.0.0.1:8080/books/1,
http_req_blocked,1664370368,0.000000,,,,true,,GET,http://127.0.0.1:8080/books/1,HTTP/1.1,default,,200,,,http://127.0.0.1:8080/books/1,
http_req_connecting,1664370368,0.000000,,,,true,,GET,http://127.0.0.1:8080/books/1,HTTP/1.1,default,,200,,,http://127.0.0.1:8080/books/1,
http_req_tls_handshaking,1664370368,0.000000,,,,true,,GET,http://127.0.0.1:8080/books/1,HTTP/1.1,default,,200,,,http://127.0.0.1:8080/books/1,
http_req_sending,1664370368,0.000000,,,,true,,GET,http://127.0.0.1:8080/books/1,HTTP/1.1,default,,200,,,http://127.0.0.1:8080/books/1,
http_req_waiting,1664370368,2.519600,,,,true,,GET,http://127.0.0.1:8080/books/1,HTTP/1.1,default,,200,,,http://127.0.0.1:8080/books/1,
http_req_receiving,1664370368,0.606700,,,,true,,GET,http://127.0.0.1:8080/books/1,HTTP/1.1,default,,200,,,http://127.0.0.1:8080/books/1,
http_req_failed,1664370368,0.000000,,,,true,,GET,http://127.0.0.1:8080/books/1,HTTP/1.1,default,,200,,,http://127.0.0.1:8080/books/1,
checks,1664370368,1.000000,status was 200,,,,,,,,default,,,,,,
http_reqs,1664370368,1.000000,,,,true,,GET,http://127.0.0.1:8080/books/3,HTTP/1.1,default,,200,,,http://127.0.0.1:8080/books/3,
http_req_duration,1664370368,4.090300,,,,true,,GET,http://127.0.0.1:8080/books/3,HTTP/1.1,default,,200,,,http://127.0.0.1:8080/books/3,
http_req_blocked,1664370368,0.000000,,,,true,,GET,http://127.0.0.1:8080/books/3,HTTP/1.1,default,,200,,,http://127.0.0.1:8080/books/3,
http_req_connecting,1664370368,0.000000,,,,true,,GET,http://127.0.0.1:8080/books/3,HTTP/1.1,default,,200,,,http://127.0.0.1:8080/books/3,
http_req_tls_handshaking,1664370368,0.000000,,,,true,,GET,http://127.0.0.1:8080/books/3,HTTP/1.1,default,,200,,,http://127.0.0.1:8080/books/3,
http_req_sending,1664370368,0.000000,,,,true,,GET,http://127.0.0.1:8080/books/3,HTTP/1.1,default,,200,,,http://127.0.0.1:8080/books/3,
http_req_waiting,1664370368,2.617500,,,,true,,GET,http://127.0.0.1:8080/books/3,HTTP/1.1,default,,200,,,http://127.0.0.1:8080/books/3,
http_req_receiving,1664370368,1.472800,,,,true,,GET,http://127.0.0.1:8080/books/3,HTTP/1.1,default,,200,,,http://127.0.0.1:8080/books/3,
http_req_failed,1664370368,0.000000,,,,true,,GET,http://127.0.0.1:8080/books/3,HTTP/1.1,default,,200,,,http://127.0.0.1:8080/books/3,
checks,1664370368,1.000000,status was 200,,,,,,,,default,,,,,,
data_sent,1664370368,350.000000,,,,,,,,,default,,,,,,
data_received,1664370368,968.000000,,,,,,,,,default,,,,,,
iteration_duration,1664370368,4050.239800,,,,,,,,,default,,,,,,
iterations,1664370368,1.000000,,,,,,,,,default,,,,,,
http_reqs,1664370368,1.000000,,,,true,,GET,http://127.0.0.1:8080/books/all,HTTP/1.1,default,,200,,,http://127.0.0.1:8080/books/all,
http_req_duration,1664370368,2.623200,,,,true,,GET,http://127.0.0.1:8080/books/all,HTTP/1.1,default,,200,,,http://127.0.0.1:8080/books/all,
http_req_blocked,1664370368,0.000000,,,,true,,GET,http://127.0.0.1:8080/books/all,HTTP/1.1,default,,200,,,http://127.0.0.1:8080/books/all,
http_req_connecting,1664370368,0.000000,,,,true,,GET,http://127.0.0.1:8080/books/all,HTTP/1.1,default,,200,,,http://127.0.0.1:8080/books/all,
http_req_tls_handshaking,1664370368,0.000000,,,,true,,GET,http://127.0.0.1:8080/books/all,HTTP/1.1,default,,200,,,http://127.0.0.1:8080/books/all,
http_req_sending,1664370368,0.000000,,,,true,,GET,http://127.0.0.1:8080/books/all,HTTP/1.1,default,,200,,,http://127.0.0.1:8080/books/all,
http_req_waiting,1664370368,2.623200,,,,true,,GET,http://127.0.0.1:8080/books/all,HTTP/1.1,default,,200,,,http://127.0.0.1:8080/books/all,
http_req_receiving,1664370368,0.000000,,,,true,,GET,http://127.0.0.1:8080/books/all,HTTP/1.1,default,,200,,,http://127.0.0.1:8080/books/all,
http_req_failed,1664370368,0.000000,,,,true,,GET,http://127.0.0.1:8080/books/all,HTTP/1.1,default,,200,,,http://127.0.0.1:8080/books/all,
checks,1664370368,1.000000,status was 200,,,,,,,,default,,,,,,
http_reqs,1664370368,1.000000,,,,true,,GET,http://127.0.0.1:8080/books/1,HTTP/1.1,default,,200,,,http://127.0.0.1:8080/books/1,
http_req_duration,1664370368,6.036500,,,,true,,GET,http://127.0.0.1:8080/books/1,HTTP/1.1,default,,200,,,http://127.0.0.1:8080/books/1,
http_req_blocked,1664370368,0.000000,,,,true,,GET,http://127.0.0.1:8080/books/1,HTTP/1.1,default,,200,,,http://127.0.0.1:8080/books/1,
http_req_connecting,1664370368,0.000000,,,,true,,GET,http://127.0.0.1:8080/books/1,HTTP/1.1,default,,200,,,http://127.0.0.1:8080/books/1,
http_req_tls_handshaking,1664370368,0.000000,,,,true,,GET,http://127.0.0.1:8080/books/1,HTTP/1.1,default,,200,,,http://127.0.0.1:8080/books/1,
http_req_sending,1664370368,0.000000,,,,true,,GET,http://127.0.0.1:8080/books/1,HTTP/1.1,default,,200,,,http://127.0.0.1:8080/books/1,
http_req_waiting,1664370368,5.036800,,,,true,,GET,http://127.0.0.1:8080/books/1,HTTP/1.1,default,,200,,,http://127.0.0.1:8080/books/1,
http_req_receiving,1664370368,0.999700,,,,true,,GET,http://127.0.0.1:8080/books/1,HTTP/1.1,default,,200,,,http://127.0.0.1:8080/books/1,
http_req_failed,1664370368,0.000000,,,,true,,GET,http://127.0.0.1:8080/books/1,HTTP/1.1,default,,200,,,http://127.0.0.1:8080/books/1,
checks,1664370368,1.000000,status was 200,,,,,,,,default,,,,,,
http_reqs,1664370368,1.000000,,,,true,,GET,http://127.0.0.1:8080/books/2,HTTP/1.1,default,,200,,,http://127.0.0.1:8080/books/2,
http_req_duration,1664370368,3.699100,,,,true,,GET,http://127.0.0.1:8080/books/2,HTTP/1.1,default,,200,,,http://127.0.0.1:8080/books/2,
http_req_blocked,1664370368,0.000000,,,,true,,GET,http://127.0.0.1:8080/books/2,HTTP/1.1,default,,200,,,http://127.0.0.1:8080/books/2,
http_req_connecting,1664370368,0.000000,,,,true,,GET,http://127.0.0.1:8080/books/2,HTTP/1.1,default,,200,,,http://127.0.0.1:8080/books/2,
http_req_tls_handshaking,1664370368,0.000000,,,,true,,GET,http://127.0.0.1:8080/books/2,HTTP/1.1,default,,200,,,http://127.0.0.1:8080/books/2,
http_req_sending,1664370368,0.000000,,,,true,,GET,http://127.0.0.1:8080/books/2,HTTP/1.1,default,,200,,,http://127.0.0.1:8080/books/2,
http_req_waiting,1664370368,2.675300,,,,true,,GET,http://127.0.0.1:8080/books/2,HTTP/1.1,default,,200,,,http://127.0.0.1:8080/books/2,
http_req_receiving,1664370368,1.023800,,,,true,,GET,http://127.0.0.1:8080/books/2,HTTP/1.1,default,,200,,,http://127.0.0.1:8080/books/2,
http_req_failed,1664370368,0.000000,,,,true,,GET,http://127.0.0.1:8080/books/2,HTTP/1.1,default,,200,,,http://127.0.0.1:8080/books/2,
checks,1664370368,1.000000,status was 200,,,,,,,,default,,,,,,
http_reqs,1664370368,1.000000,,,,true,,GET,http://127.0.0.1:8080/books/3,HTTP/1.1,default,,200,,,http://127.0.0.1:8080/books/3,
http_req_duration,1664370368,2.918500,,,,true,,GET,http://127.0.0.1:8080/books/3,HTTP/1.1,default,,200,,,http://127.0.0.1:8080/books/3,
http_req_blocked,1664370368,0.000000,,,,true,,GET,http://127.0.0.1:8080/books/3,HTTP/1.1,default,,200,,,http://127.0.0.1:8080/books/3,
http_req_connecting,1664370368,0.000000,,,,true,,GET,http://127.0.0.1:8080/books/3,HTTP/1.1,default,,200,,,http://127.0.0.1:8080/books/3,
http_req_tls_handshaking,1664370368,0.000000,,,,true,,GET,http://127.0.0.1:8080/books/3,HTTP/1.1,default,,200,,,http://127.0.0.1:8080/books/3,
http_req_sending,1664370368,0.000000,,,,true,,GET,http://127.0.0.1:8080/books/3,HTTP/1.1,default,,200,,,http://127.0.0.1:8080/books/3,
http_req_waiting,1664370368,2.918500,,,,true,,GET,http://127.0.0.1:8080/books/3,HTTP/1.1,default,,200,,,http://127.0.0.1:8080/books/3,
http_req_receiving,1664370368,0.000000,,,,true,,GET,http://127.0.0.1:8080/books/3,HTTP/1.1,default,,200,,,http://127.0.0.1:8080/books/3,
http_req_failed,1664370368,0.000000,,,,true,,GET,http://127.0.0.1:8080/books/3,HTTP/1.1,default,,200,,,http://127.0.0.1:8080/books/3,
checks,1664370368,1.000000,status was 200,,,,,,,,default,,,,,,
data_sent,1664370368,350.000000,,,,,,,,,default,,,,,,
data_received,1664370368,968.000000,,,,,,,,,default,,,,,,
iteration_duration,1664370368,4049.623100,,,,,,,,,default,,,,,,
iterations,1664370368,1.000000,,,,,,,,,default,,,,,,
http_reqs,1664370368,1.000000,,,,true,,GET,http://127.0.0.1:8080/books/all,HTTP/1.1,default,,200,,,http://127.0.0.1:8080/books/all,
http_req_duration,1664370368,4.696200,,,,true,,GET,http://127.0.0.1:8080/books/all,HTTP/1.1,default,,200,,,http://127.0.0.1:8080/books/all,
http_req_blocked,1664370368,0.000000,,,,true,,GET,http://127.0.0.1:8080/books/all,HTTP/1.1,default,,200,,,http://127.0.0.1:8080/books/all,
http_req_connecting,1664370368,0.000000,,,,true,,GET,http://127.0.0.1:8080/books/all,HTTP/1.1,default,,200,,,http://127.0.0.1:8080/books/all,
http_req_tls_handshaking,1664370368,0.000000,,,,true,,GET,http://127.0.0.1:8080/books/all,HTTP/1.1,default,,200,,,http://127.0.0.1:8080/books/all,
http_req_sending,1664370368,0.000000,,,,true,,GET,http://127.0.0.1:8080/books/all,HTTP/1.1,default,,200,,,http://127.0.0.1:8080/books/all,
http_req_waiting,1664370368,4.020000,,,,true,,GET,http://127.0.0.1:8080/books/all,HTTP/1.1,default,,200,,,http://127.0.0.1:8080/books/all,
http_req_receiving,1664370368,0.676200,,,,true,,GET,http://127.0.0.1:8080/books/all,HTTP/1.1,default,,200,,,http://127.0.0.1:8080/books/all,
http_req_failed,1664370368,0.000000,,,,true,,GET,http://127.0.0.1:8080/books/all,HTTP/1.1,default,,200,,,http://127.0.0.1:8080/books/all,
checks,1664370368,1.000000,status was 200,,,,,,,,default,,,,,,
http_reqs,1664370369,1.000000,,,,true,,GET,http://127.0.0.1:8080/books/1,HTTP/1.1,default,,200,,,http://127.0.0.1:8080/books/1,
http_req_duration,1664370369,2.600100,,,,true,,GET,http://127.0.0.1:8080/books/1,HTTP/1.1,default,,200,,,http://127.0.0.1:8080/books/1,
http_req_blocked,1664370369,0.000000,,,,true,,GET,http://127.0.0.1:8080/books/1,HTTP/1.1,default,,200,,,http://127.0.0.1:8080/books/1,
http_req_connecting,1664370369,0.000000,,,,true,,GET,http://127.0.0.1:8080/books/1,HTTP/1.1,default,,200,,,http://127.0.0.1:8080/books/1,
http_req_tls_handshaking,1664370369,0.000000,,,,true,,GET,http://127.0.0.1:8080/books/1,HTTP/1.1,default,,200,,,http://127.0.0.1:8080/books/1,
http_req_sending,1664370369,0.000000,,,,true,,GET,http://127.0.0.1:8080/books/1,HTTP/1.1,default,,200,,,http://127.0.0.1:8080/books/1,
http_req_waiting,1664370369,2.269200,,,,true,,GET,http://127.0.0.1:8080/books/1,HTTP/1.1,default,,200,,,http://127.0.0.1:8080/books/1,
http_req_receiving,1664370369,0.330900,,,,true,,GET,http://127.0.0.1:8080/books/1,HTTP/1.1,default,,200,,,http://127.0.0.1:8080/books/1,
http_req_failed,1664370369,0.000000,,,,true,,GET,http://127.0.0.1:8080/books/1,HTTP/1.1,default,,200,,,http://127.0.0.1:8080/books/1,
checks,1664370369,1.000000,status was 200,,,,,,,,default,,,,,,
vus,1664370369,10.000000,,,,,,,,,,,,,,,
vus_max,1664370369,10.000000,,,,,,,,,,,,,,,
http_reqs,1664370369,1.000000,,,,true,,GET,http://127.0.0.1:8080/books/2,HTTP/1.1,default,,200,,,http://127.0.0.1:8080/books/2,
http_req_duration,1664370369,3.236300,,,,true,,GET,http://127.0.0.1:8080/books/2,HTTP/1.1,default,,200,,,http://127.0.0.1:8080/books/2,
http_req_blocked,1664370369,0.000000,,,,true,,GET,http://127.0.0.1:8080/books/2,HTTP/1.1,default,,200,,,http://127.0.0.1:8080/books/2,
http_req_connecting,1664370369,0.000000,,,,true,,GET,http://127.0.0.1:8080/books/2,HTTP/1.1,default,,200,,,http://127.0.0.1:8080/books/2,
http_req_tls_handshaking,1664370369,0.000000,,,,true,,GET,http://127.0.0.1:8080/books/2,HTTP/1.1,default,,200,,,http://127.0.0.1:8080/books/2,
http_req_sending,1664370369,0.000000,,,,true,,GET,http://127.0.0.1:8080/books/2,HTTP/1.1,default,,200,,,http://127.0.0.1:8080/books/2,
http_req_waiting,1664370369,2.528500,,,,true,,GET,http://127.0.0.1:8080/books/2,HTTP/1.1,default,,200,,,http://127.0.0.1:8080/books/2,
http_req_receiving,1664370369,0.707800,,,,true,,GET,http://127.0.0.1:8080/books/2,HTTP/1.1,default,,200,,,http://127.0.0.1:8080/books/2,
http_req_failed,1664370369,0.000000,,,,true,,GET,http://127.0.0.1:8080/books/2,HTTP/1.1,default,,200,,,http://127.0.0.1:8080/books/2,
checks,1664370369,1.000000,status was 200,,,,,,,,default,,,,,,
http_reqs,1664370369,1.000000,,,,true,,GET,http://127.0.0.1:8080/books/3,HTTP/1.1,default,,200,,,http://127.0.0.1:8080/books/3,
http_req_duration,1664370369,1.523400,,,,true,,GET,http://127.0.0.1:8080/books/3,HTTP/1.1,default,,200,,,http://127.0.0.1:8080/books/3,
http_req_blocked,1664370369,0.000000,,,,true,,GET,http://127.0.0.1:8080/books/3,HTTP/1.1,default,,200,,,http://127.0.0.1:8080/books/3,
http_req_connecting,1664370369,0.000000,,,,true,,GET,http://127.0.0.1:8080/books/3,HTTP/1.1,default,,200,,,http://127.0.0.1:8080/books/3,
http_req_tls_handshaking,1664370369,0.000000,,,,true,,GET,http://127.0.0.1:8080/books/3,HTTP/1.1,default,,200,,,http://127.0.0.1:8080/books/3,
http_req_sending,1664370369,0.000000,,,,true,,GET,http://127.0.0.1:8080/books/3,HTTP/1.1,default,,200,,,http://127.0.0.1:8080/books/3,
http_req_waiting,1664370369,1.523400,,,,true,,GET,http://127.0.0.1:8080/books/3,HTTP/1.1,default,,200,,,http://127.0.0.1:8080/books/3,
http_req_receiving,1664370369,0.000000,,,,true,,GET,http://127.0.0.1:8080/books/3,HTTP/1.1,default,,200,,,http://127.0.0.1:8080/books/3,
http_req_failed,1664370369,0.000000,,,,true,,GET,http://127.0.0.1:8080/books/3,HTTP/1.1,default,,200,,,http://127.0.0.1:8080/books/3,
checks,1664370369,1.000000,status was 200,,,,,,,,default,,,,,,
http_reqs,1664370369,1.000000,,,,true,,GET,http://127.0.0.1:8080/books/2,HTTP/1.1,default,,200,,,http://127.0.0.1:8080/books/2,
http_req_duration,1664370369,2.199300,,,,true,,GET,http://127.0.0.1:8080/books/2,HTTP/1.1,default,,200,,,http://127.0.0.1:8080/books/2,
http_req_blocked,1664370369,0.000000,,,,true,,GET,http://127.0.0.1:8080/books/2,HTTP/1.1,default,,200,,,http://127.0.0.1:8080/books/2,
http_req_connecting,1664370369,0.000000,,,,true,,GET,http://127.0.0.1:8080/books/2,HTTP/1.1,default,,200,,,http://127.0.0.1:8080/books/2,
http_req_tls_handshaking,1664370369,0.000000,,,,true,,GET,http://127.0.0.1:8080/books/2,HTTP/1.1,default,,200,,,http://127.0.0.1:8080/books/2,
http_req_sending,1664370369,0.000000,,,,true,,GET,http://127.0.0.1:8080/books/2,HTTP/1.1,default,,200,,,http://127.0.0.1:8080/books/2,
http_req_waiting,1664370369,1.515900,,,,true,,GET,http://127.0.0.1:8080/books/2,HTTP/1.1,default,,200,,,http://127.0.0.1:8080/books/2,
http_req_receiving,1664370369,0.683400,,,,true,,GET,http://127.0.0.1:8080/books/2,HTTP/1.1,default,,200,,,http://127.0.0.1:8080/books/2,
http_req_failed,1664370369,0.000000,,,,true,,GET,http://127.0.0.1:8080/books/2,HTTP/1.1,default,,200,,,http://127.0.0.1:8080/books/2,
checks,1664370369,1.000000,status was 200,,,,,,,,default,,,,,,
data_sent,1664370369,350.000000,,,,,,,,,default,,,,,,
data_received,1664370369,968.000000,,,,,,,,,default,,,,,,
iteration_duration,1664370369,4049.676700,,,,,,,,,default,,,,,,
iterations,1664370369,1.000000,,,,,,,,,default,,,,,,
http_reqs,1664370369,1.000000,,,,true,,GET,http://127.0.0.1:8080/books/1,HTTP/1.1,default,,200,,,http://127.0.0.1:8080/books/1,
http_req_duration,1664370369,2.352000,,,,true,,GET,http://127.0.0.1:8080/books/1,HTTP/1.1,default,,200,,,http://127.0.0.1:8080/books/1,
http_req_blocked,1664370369,0.000000,,,,true,,GET,http://127.0.0.1:8080/books/1,HTTP/1.1,default,,200,,,http://127.0.0.1:8080/books/1,
http_req_connecting,1664370369,0.000000,,,,true,,GET,http://127.0.0.1:8080/books/1,HTTP/1.1,default,,200,,,http://127.0.0.1:8080/books/1,
http_req_tls_handshaking,1664370369,0.000000,,,,true,,GET,http://127.0.0.1:8080/books/1,HTTP/1.1,default,,200,,,http://127.0.0.1:8080/books/1,
http_req_sending,1664370369,0.000000,,,,true,,GET,http://127.0.0.1:8080/books/1,HTTP/1.1,default,,200,,,http://127.0.0.1:8080/books/1,
http_req_waiting,1664370369,1.518300,,,,true,,GET,http://127.0.0.1:8080/books/1,HTTP/1.1,default,,200,,,http://127.0.0.1:8080/books/1,
http_req_receiving,1664370369,0.833700,,,,true,,GET,http://127.0.0.1:8080/books/1,HTTP/1.1,default,,200,,,http://127.0.0.1:8080/books/1,
http_req_failed,1664370369,0.000000,,,,true,,GET,http://127.0.0.1:8080/books/1,HTTP/1.1,default,,200,,,http://127.0.0.1:8080/books/1,
checks,1664370369,1.000000,status was 200,,,,,,,,default,,,,,,
http_reqs,1664370369,1.000000,,,,true,,GET,http://127.0.0.1:8080/books/2,HTTP/1.1,default,,200,,,http://127.0.0.1:8080/books/2,
http_req_duration,1664370369,3.823700,,,,true,,GET,http://127.0.0.1:8080/books/2,HTTP/1.1,default,,200,,,http://127.0.0.1:8080/books/2,
http_req_blocked,1664370369,0.000000,,,,true,,GET,http://127.0.0.1:8080/books/2,HTTP/1.1,default,,200,,,http://127.0.0.1:8080/books/2,
http_req_connecting,1664370369,0.000000,,,,true,,GET,http://127.0.0.1:8080/books/2,HTTP/1.1,default,,200,,,http://127.0.0.1:8080/books/2,
http_req_tls_handshaking,1664370369,0.000000,,,,true,,GET,http://127.0.0.1:8080/books/2,HTTP/1.1,default,,200,,,http://127.0.0.1:8080/books/2,
http_req_sending,1664370369,0.000000,,,,true,,GET,http://127.0.0.1:8080/books/2,HTTP/1.1,default,,200,,,http://127.0.0.1:8080/books/2,
http_req_waiting,1664370369,2.525400,,,,true,,GET,http://127.0.0.1:8080/books/2,HTTP/1.1,default,,200,,,http://127.0.0.1:8080/books/2,
http_req_receiving,1664370369,1.298300,,,,true,,GET,http://127.0.0.1:8080/books/2,HTTP/1.1,default,,200,,,http://127.0.0.1:8080/books/2,
http_req_failed,1664370369,0.000000,,,,true,,GET,http://127.0.0.1:8080/books/2,HTTP/1.1,default,,200,,,http://127.0.0.1:8080/books/2,
checks,1664370369,1.000000,status was 200,,,,,,,,default,,,,,,
http_reqs,1664370369,1.000000,,,,true,,GET,http://127.0.0.1:8080/books/3,HTTP/1.1,default,,200,,,http://127.0.0.1:8080/books/3,
http_req_duration,1664370369,3.661800,,,,true,,GET,http://127.0.0.1:8080/books/3,HTTP/1.1,default,,200,,,http://127.0.0.1:8080/books/3,
http_req_blocked,1664370369,0.000000,,,,true,,GET,http://127.0.0.1:8080/books/3,HTTP/1.1,default,,200,,,http://127.0.0.1:8080/books/3,
http_req_connecting,1664370369,0.000000,,,,true,,GET,http://127.0.0.1:8080/books/3,HTTP/1.1,default,,200,,,http://127.0.0.1:8080/books/3,
http_req_tls_handshaking,1664370369,0.000000,,,,true,,GET,http://127.0.0.1:8080/books/3,HTTP/1.1,default,,200,,,http://127.0.0.1:8080/books/3,
http_req_sending,1664370369,0.000000,,,,true,,GET,http://127.0.0.1:8080/books/3,HTTP/1.1,default,,200,,,http://127.0.0.1:8080/books/3,
http_req_waiting,1664370369,3.515200,,,,true,,GET,http://127.0.0.1:8080/books/3,HTTP/1.1,default,,200,,,http://127.0.0.1:8080/books/3,
http_req_receiving,1664370369,0.146600,,,,true,,GET,http://127.0.0.1:8080/books/3,HTTP/1.1,default,,200,,,http://127.0.0.1:8080/books/3,
http_req_failed,1664370369,0.000000,,,,true,,GET,http://127.0.0.1:8080/books/3,HTTP/1.1,default,,200,,,http://127.0.0.1:8080/books/3,
checks,1664370369,1.000000,status was 200,,,,,,,,default,,,,,,
data_sent,1664370369,350.000000,,,,,,,,,default,,,,,,
data_received,1664370369,968.000000,,,,,,,,,default,,,,,,
iteration_duration,1664370369,4048.060700,,,,,,,,,default,,,,,,
iterations,1664370369,1.000000,,,,,,,,,default,,,,,,
http_reqs,1664370369,1.000000,,,,true,,GET,http://127.0.0.1:8080/books/1,HTTP/1.1,default,,200,,,http://127.0.0.1:8080/books/1,
http_req_duration,1664370369,2.098900,,,,true,,GET,http://127.0.0.1:8080/books/1,HTTP/1.1,default,,200,,,http://127.0.0.1:8080/books/1,
http_req_blocked,1664370369,0.000000,,,,true,,GET,http://127.0.0.1:8080/books/1,HTTP/1.1,default,,200,,,http://127.0.0.1:8080/books/1,
http_req_connecting,1664370369,0.000000,,,,true,,GET,http://127.0.0.1:8080/books/1,HTTP/1.1,default,,200,,,http://127.0.0.1:8080/books/1,
http_req_tls_handshaking,1664370369,0.000000,,,,true,,GET,http://127.0.0.1:8080/books/1,HTTP/1.1,default,,200,,,http://127.0.0.1:8080/books/1,
http_req_sending,1664370369,0.000000,,,,true,,GET,http://127.0.0.1:8080/books/1,HTTP/1.1,default,,200,,,http://127.0.0.1:8080/books/1,
http_req_waiting,1664370369,1.132400,,,,true,,GET,http://127.0.0.1:8080/books/1,HTTP/1.1,default,,200,,,http://127.0.0.1:8080/books/1,
http_req_receiving,1664370369,0.966500,,,,true,,GET,http://127.0.0.1:8080/books/1,HTTP/1.1,default,,200,,,http://127.0.0.1:8080/books/1,
http_req_failed,1664370369,0.000000,,,,true,,GET,http://127.0.0.1:8080/books/1,HTTP/1.1,default,,200,,,http://127.0.0.1:8080/books/1,
checks,1664370369,1.000000,status was 200,,,,,,,,default,,,,,,
http_reqs,1664370370,1.000000,,,,true,,GET,http://127.0.0.1:8080/books/2,HTTP/1.1,default,,200,,,http://127.0.0.1:8080/books/2,
http_req_duration,1664370370,2.707200,,,,true,,GET,http://127.0.0.1:8080/books/2,HTTP/1.1,default,,200,,,http://127.0.0.1:8080/books/2,
http_req_blocked,1664370370,0.000000,,,,true,,GET,http://127.0.0.1:8080/books/2,HTTP/1.1,default,,200,,,http://127.0.0.1:8080/books/2,
http_req_connecting,1664370370,0.000000,,,,true,,GET,http://127.0.0.1:8080/books/2,HTTP/1.1,default,,200,,,http://127.0.0.1:8080/books/2,
http_req_tls_handshaking,1664370370,0.000000,,,,true,,GET,http://127.0.0.1:8080/books/2,HTTP/1.1,default,,200,,,http://127.0.0.1:8080/books/2,
http_req_sending,1664370370,0.000000,,,,true,,GET,http://127.0.0.1:8080/books/2,HTTP/1.1,default,,200,,,http://127.0.0.1:8080/books/2,
http_req_waiting,1664370370,2.544800,,,,true,,GET,http://127.0.0.1:8080/books/2,HTTP/1.1,default,,200,,,http://127.0.0.1:8080/books/2,
http_req_receiving,1664370370,0.162400,,,,true,,GET,http://127.0.0.1:8080/books/2,HTTP/1.1,default,,200,,,http://127.0.0.1:8080/books/2,
http_req_failed,1664370370,0.000000,,,,true,,GET,http://127.0.0.1:8080/books/2,HTTP/1.1,default,,200,,,http://127.0.0.1:8080/books/2,
checks,1664370370,1.000000,status was 200,,,,,,,,default,,,,,,
vus,1664370370,8.000000,,,,,,,,,,,,,,,
vus_max,1664370370,10.000000,,,,,,,,,,,,,,,
http_reqs,1664370370,1.000000,,,,true,,GET,http://127.0.0.1:8080/books/3,HTTP/1.1,default,,200,,,http://127.0.0.1:8080/books/3,
http_req_duration,1664370370,2.217200,,,,true,,GET,http://127.0.0.1:8080/books/3,HTTP/1.1,default,,200,,,http://127.0.0.1:8080/books/3,
http_req_blocked,1664370370,0.000000,,,,true,,GET,http://127.0.0.1:8080/books/3,HTTP/1.1,default,,200,,,http://127.0.0.1:8080/books/3,
http_req_connecting,1664370370,0.000000,,,,true,,GET,http://127.0.0.1:8080/books/3,HTTP/1.1,default,,200,,,http://127.0.0.1:8080/books/3,
http_req_tls_handshaking,1664370370,0.000000,,,,true,,GET,http://127.0.0.1:8080/books/3,HTTP/1.1,default,,200,,,http://127.0.0.1:8080/books/3,
http_req_sending,1664370370,0.000000,,,,true,,GET,http://127.0.0.1:8080/books/3,HTTP/1.1,default,,200,,,http://127.0.0.1:8080/books/3,
http_req_waiting,1664370370,1.543300,,,,true,,GET,http://127.0.0.1:8080/books/3,HTTP/1.1,default,,200,,,http://127.0.0.1:8080/books/3,
http_req_receiving,1664370370,0.673900,,,,true,,GET,http://127.0.0.1:8080/books/3,HTTP/1.1,default,,200,,,http://127.0.0.1:8080/books/3,
http_req_failed,1664370370,0.000000,,,,true,,GET,http://127.0.0.1:8080/books/3,HTTP/1.1,default,,200,,,http://127.0.0.1:8080/books/3,
checks,1664370370,1.000000,status was 200,,,,,,,,default,,,,,,
data_sent,1664370370,350.000000,,,,,,,,,default,,,,,,
data_received,1664370370,968.000000,,,,,,,,,default,,,,,,
iteration_duration,1664370370,4045.167000,,,,,,,,,default,,,,,,
iterations,1664370370,1.000000,,,,,,,,,default,,,,,,
http_reqs,1664370370,1.000000,,,,true,,GET,http://127.0.0.1:8080/books/3,HTTP/1.1,default,,200,,,http://127.0.0.1:8080/books/3,
http_req_duration,1664370370,2.144800,,,,true,,GET,http://127.0.0.1:8080/books/3,HTTP/1.1,default,,200,,,http://127.0.0.1:8080/books/3,
http_req_blocked,1664370370,0.000000,,,,true,,GET,http://127.0.0.1:8080/books/3,HTTP/1.1,default,,200,,,http://127.0.0.1:8080/books/3,
http_req_connecting,1664370370,0.000000,,,,true,,GET,http://127.0.0.1:8080/books/3,HTTP/1.1,default,,200,,,http://127.0.0.1:8080/books/3,
http_req_tls_handshaking,1664370370,0.000000,,,,true,,GET,http://127.0.0.1:8080/books/3,HTTP/1.1,default,,200,,,http://127.0.0.1:8080/books/3,
http_req_sending,1664370370,0.000000,,,,true,,GET,http://127.0.0.1:8080/books/3,HTTP/1.1,default,,200,,,http://127.0.0.1:8080/books/3,
http_req_waiting,1664370370,2.144800,,,,true,,GET,http://127.0.0.1:8080/books/3,HTTP/1.1,default,,200,,,http://127.0.0.1:8080/books/3,
http_req_receiving,1664370370,0.000000,,,,true,,GET,http://127.0.0.1:8080/books/3,HTTP/1.1,default,,200,,,http://127.0.0.1:8080/books/3,
http_req_failed,1664370370,0.000000,,,,true,,GET,http://127.0.0.1:8080/books/3,HTTP/1.1,default,,200,,,http://127.0.0.1:8080/books/3,
checks,1664370370,1.000000,status was 200,,,,,,,,default,,,,,,
http_reqs,1664370370,1.000000,,,,true,,GET,http://127.0.0.1:8080/books/2,HTTP/1.1,default,,200,,,http://127.0.0.1:8080/books/2,
http_req_duration,1664370370,2.387000,,,,true,,GET,http://127.0.0.1:8080/books/2,HTTP/1.1,default,,200,,,http://127.0.0.1:8080/books/2,
http_req_blocked,1664370370,0.000000,,,,true,,GET,http://127.0.0.1:8080/books/2,HTTP/1.1,default,,200,,,http://127.0.0.1:8080/books/2,
http_req_connecting,1664370370,0.000000,,,,true,,GET,http://127.0.0.1:8080/books/2,HTTP/1.1,default,,200,,,http://127.0.0.1:8080/books/2,
http_req_tls_handshaking,1664370370,0.000000,,,,true,,GET,http://127.0.0.1:8080/books/2,HTTP/1.1,default,,200,,,http://127.0.0.1:8080/books/2,
http_req_sending,1664370370,0.000000,,,,true,,GET,http://127.0.0.1:8080/books/2,HTTP/1.1,default,,200,,,http://127.0.0.1:8080/books/2,
http_req_waiting,1664370370,1.554700,,,,true,,GET,http://127.0.0.1:8080/books/2,HTTP/1.1,default,,200,,,http://127.0.0.1:8080/books/2,
http_req_receiving,1664370370,0.832300,,,,true,,GET,http://127.0.0.1:8080/books/2,HTTP/1.1,default,,200,,,http://127.0.0.1:8080/books/2,
http_req_failed,1664370370,0.000000,,,,true,,GET,http://127.0.0.1:8080/books/2,HTTP/1.1,default,,200,,,http://127.0.0.1:8080/books/2,
checks,1664370370,1.000000,status was 200,,,,,,,,default,,,,,,
http_reqs,1664370370,1.000000,,,,true,,GET,http://127.0.0.1:8080/books/3,HTTP/1.1,default,,200,,,http://127.0.0.1:8080/books/3,
http_req_duration,1664370370,2.161400,,,,true,,GET,http://127.0.0.1:8080/books/3,HTTP/1.1,default,,200,,,http://127.0.0.1:8080/books/3,
http_req_blocked,1664370370,0.000000,,,,true,,GET,http://127.0.0.1:8080/books/3,HTTP/1.1,default,,200,,,http://127.0.0.1:8080/books/3,
http_req_connecting,1664370370,0.000000,,,,true,,GET,http://127.0.0.1:8080/books/3,HTTP/1.1,default,,200,,,http://127.0.0.1:8080/books/3,
http_req_tls_handshaking,1664370370,0.000000,,,,true,,GET,http://127.0.0.1:8080/books/3,HTTP/1.1,default,,200,,,http://127.0.0.1:8080/books/3,
http_req_sending,1664370370,0.000000,,,,true,,GET,http://127.0.0.1:8080/books/3,HTTP/1.1,default,,200,,,http://127.0.0.1:8080/books/3,
http_req_waiting,1664370370,1.527000,,,,true,,GET,http://127.0.0.1:8080/books/3,HTTP/1.1,default,,200,,,http://127.0.0.1:8080/books/3,
http_req_receiving,1664370370,0.634400,,,,true,,GET,http://127.0.0.1:8080/books/3,HTTP/1.1,default,,200,,,http://127.0.0.1:8080/books/3,
http_req_failed,1664370370,0.000000,,,,true,,GET,http://127.0.0.1:8080/books/3,HTTP/1.1,default,,200,,,http://127.0.0.1:8080/books/3,
checks,1664370370,1.000000,status was 200,,,,,,,,default,,,,,,
data_sent,1664370370,350.000000,,,,,,,,,default,,,,,,
data_received,1664370370,968.000000,,,,,,,,,default,,,,,,
iteration_duration,1664370370,4047.579300,,,,,,,,,default,,,,,,
iterations,1664370370,1.000000,,,,,,,,,default,,,,,,
http_reqs,1664370370,1.000000,,,,true,,GET,http://127.0.0.1:8080/books/2,HTTP/1.1,default,,200,,,http://127.0.0.1:8080/books/2,
http_req_duration,1664370370,2.021400,,,,true,,GET,http://127.0.0.1:8080/books/2,HTTP/1.1,default,,200,,,http://127.0.0.1:8080/books/2,
http_req_blocked,1664370370,0.000000,,,,true,,GET,http://127.0.0.1:8080/books/2,HTTP/1.1,default,,200,,,http://127.0.0.1:8080/books/2,
http_req_connecting,1664370370,0.000000,,,,true,,GET,http://127.0.0.1:8080/books/2,HTTP/1.1,default,,200,,,http://127.0.0.1:8080/books/2,
http_req_tls_handshaking,1664370370,0.000000,,,,true,,GET,http://127.0.0.1:8080/books/2,HTTP/1.1,default,,200,,,http://127.0.0.1:8080/books/2,
http_req_sending,1664370370,0.000000,,,,true,,GET,http://127.0.0.1:8080/books/2,HTTP/1.1,default,,200,,,http://127.0.0.1:8080/books/2,
http_req_waiting,1664370370,1.510400,,,,true,,GET,http://127.0.0.1:8080/books/2,HTTP/1.1,default,,200,,,http://127.0.0.1:8080/books/2,
http_req_receiving,1664370370,0.511000,,,,true,,GET,http://127.0.0.1:8080/books/2,HTTP/1.1,default,,200,,,http://127.0.0.1:8080/books/2,
http_req_failed,1664370370,0.000000,,,,true,,GET,http://127.0.0.1:8080/books/2,HTTP/1.1,default,,200,,,http://127.0.0.1:8080/books/2,
checks,1664370370,1.000000,status was 200,,,,,,,,default,,,,,,
http_reqs,1664370371,1.000000,,,,true,,GET,http://127.0.0.1:8080/books/3,HTTP/1.1,default,,200,,,http://127.0.0.1:8080/books/3,
http_req_duration,1664370371,3.699000,,,,true,,GET,http://127.0.0.1:8080/books/3,HTTP/1.1,default,,200,,,http://127.0.0.1:8080/books/3,
http_req_blocked,1664370371,0.000000,,,,true,,GET,http://127.0.0.1:8080/books/3,HTTP/1.1,default,,200,,,http://127.0.0.1:8080/books/3,
http_req_connecting,1664370371,0.000000,,,,true,,GET,http://127.0.0.1:8080/books/3,HTTP/1.1,default,,200,,,http://127.0.0.1:8080/books/3,
http_req_tls_handshaking,1664370371,0.000000,,,,true,,GET,http://127.0.0.1:8080/books/3,HTTP/1.1,default,,200,,,http://127.0.0.1:8080/books/3,
http_req_sending,1664370371,0.000000,,,,true,,GET,http://127.0.0.1:8080/books/3,HTTP/1.1,default,,200,,,http://127.0.0.1:8080/books/3,
http_req_waiting,1664370371,3.610500,,,,true,,GET,http://127.0.0.1:8080/books/3,HTTP/1.1,default,,200,,,http://127.0.0.1:8080/books/3,
http_req_receiving,1664370371,0.088500,,,,true,,GET,http://127.0.0.1:8080/books/3,HTTP/1.1,default,,200,,,http://127.0.0.1:8080/books/3,
http_req_failed,1664370371,0.000000,,,,true,,GET,http://127.0.0.1:8080/books/3,HTTP/1.1,default,,200,,,http://127.0.0.1:8080/books/3,
checks,1664370371,1.000000,status was 200,,,,,,,,default,,,,,,
vus,1664370371,6.000000,,,,,,,,,,,,,,,
vus_max,1664370371,10.000000,,,,,,,,,,,,,,,
data_sent,1664370371,350.000000,,,,,,,,,default,,,,,,
data_received,1664370371,968.000000,,,,,,,,,default,,,,,,
iteration_duration,1664370371,4047.278800,,,,,,,,,default,,,,,,
iterations,1664370371,1.000000,,,,,,,,,default,,,,,,
data_sent,1664370371,350.000000,,,,,,,,,default,,,,,,
data_received,1664370371,968.000000,,,,,,,,,default,,,,,,
iteration_duration,1664370371,4044.687600,,,,,,,,,default,,,,,,
iterations,1664370371,1.000000,,,,,,,,,default,,,,,,
http_reqs,1664370371,1.000000,,,,true,,GET,http://127.0.0.1:8080/books/3,HTTP/1.1,default,,200,,,http://127.0.0.1:8080/books/3,
http_req_duration,1664370371,3.653200,,,,true,,GET,http://127.0.0.1:8080/books/3,HTTP/1.1,default,,200,,,http://127.0.0.1:8080/books/3,
http_req_blocked,1664370371,0.000000,,,,true,,GET,http://127.0.0.1:8080/books/3,HTTP/1.1,default,,200,,,http://127.0.0.1:8080/books/3,
http_req_connecting,1664370371,0.000000,,,,true,,GET,http://127.0.0.1:8080/books/3,HTTP/1.1,default,,200,,,http://127.0.0.1:8080/books/3,
http_req_tls_handshaking,1664370371,0.000000,,,,true,,GET,http://127.0.0.1:8080/books/3,HTTP/1.1,default,,200,,,http://127.0.0.1:8080/books/3,
http_req_sending,1664370371,0.000000,,,,true,,GET,http://127.0.0.1:8080/books/3,HTTP/1.1,default,,200,,,http://127.0.0.1:8080/books/3,
http_req_waiting,1664370371,2.534200,,,,true,,GET,http://127.0.0.1:8080/books/3,HTTP/1.1,default,,200,,,http://127.0.0.1:8080/books/3,
http_req_receiving,1664370371,1.119000,,,,true,,GET,http://127.0.0.1:8080/books/3,HTTP/1.1,default,,200,,,http://127.0.0.1:8080/books/3,
http_req_failed,1664370371,0.000000,,,,true,,GET,http://127.0.0.1:8080/books/3,HTTP/1.1,default,,200,,,http://127.0.0.1:8080/books/3,
checks,1664370371,1.000000,status was 200,,,,,,,,default,,,,,,
data_sent,1664370371,350.000000,,,,,,,,,default,,,,,,
data_received,1664370371,968.000000,,,,,,,,,default,,,,,,
iteration_duration,1664370371,4045.086400,,,,,,,,,default,,,,,,
iterations,1664370371,1.000000,,,,,,,,,default,,,,,,
http_reqs,1664370371,1.000000,,,,true,,GET,http://127.0.0.1:8080/books/3,HTTP/1.1,default,,200,,,http://127.0.0.1:8080/books/3,
http_req_duration,1664370371,4.557600,,,,true,,GET,http://127.0.0.1:8080/books/3,HTTP/1.1,default,,200,,,http://127.0.0.1:8080/books/3,
http_req_blocked,1664370371,0.000000,,,,true,,GET,http://127.0.0.1:8080/books/3,HTTP/1.1,default,,200,,,http://127.0.0.1:8080/books/3,
http_req_connecting,1664370371,0.000000,,,,true,,GET,http://127.0.0.1:8080/books/3,HTTP/1.1,default,,200,,,http://127.0.0.1:8080/books/3,
http_req_tls_handshaking,1664370371,0.000000,,,,true,,GET,http://127.0.0.1:8080/books/3,HTTP/1.1,default,,200,,,http://127.0.0.1:8080/books/3,
http_req_sending,1664370371,0.000000,,,,true,,GET,http://127.0.0.1:8080/books/3,HTTP/1.1,default,,200,,,http://127.0.0.1:8080/books/3,
http_req_waiting,1664370371,3.526500,,,,true,,GET,http://127.0.0.1:8080/books/3,HTTP/1.1,default,,200,,,http://127.0.0.1:8080/books/3,
http_req_receiving,1664370371,1.031100,,,,true,,GET,http://127.0.0.1:8080/books/3,HTTP/1.1,default,,200,,,http://127.0.0.1:8080/books/3,
http_req_failed,1664370371,0.000000,,,,true,,GET,http://127.0.0.1:8080/books/3,HTTP/1.1,default,,200,,,http://127.0.0.1:8080/books/3,
checks,1664370371,1.000000,status was 200,,,,,,,,default,,,,,,
data_sent,1664370372,350.000000,,,,,,,,,default,,,,,,
data_received,1664370372,968.000000,,,,,,,,,default,,,,,,
iteration_duration,1664370372,4047.332000,,,,,,,,,default,,,,,,
iterations,1664370372,1.000000,,,,,,,,,default,,,,,,
vus,1664370372,2.000000,,,,,,,,,,,,,,,
vus_max,1664370372,10.000000,,,,,,,,,,,,,,,
data_sent,1664370372,350.000000,,,,,,,,,default,,,,,,
data_received,1664370372,968.000000,,,,,,,,,default,,,,,,
iteration_duration,1664370372,4043.460500,,,,,,,,,default,,,,,,
iterations,1664370372,1.000000,,,,,,,,,default,,,,,,
data_sent,1664370372,350.000000,,,,,,,,,default,,,,,,
data_received,1664370372,968.000000,,,,,,,,,default,,,,,,
iteration_duration,1664370372,4044.625100,,,,,,,,,default,,,,,,
iterations,1664370372,1.000000,,,,,,,,,default,,,,,,
